"","logFC","AveExpr","t","P.Value","adj.P.Val","B"
"HOXD1",2.56820902321318,8.09668420129752,15.2274547638211,7.64986676114745e-30,4.53785846345289e-27,57.3230478448044
"SASH3",2.68367106030369,6.29248826758678,14.3198426795173,9.17763187665024e-28,3.56342415865211e-25,52.5922913699183
"ZFP64",1.36023362831332,5.52035451579132,14.0285580241459,4.3429667054555e-27,1.25329802695949e-24,51.0556121341858
"ORC4",2.86574362859779,9.01653438360744,13.4280705988871,1.09730713600791e-25,2.4928716903669e-23,47.8620924201506
"CFAP97",1.55473180912851,5.81172754164876,13.349146846614,1.68148000114532e-25,3.66408218616922e-23,47.4399586578711
"EMILIN1",2.91226439926296,7.8788104871405,13.2072749559405,3.62625506046214e-25,7.30553554869518e-23,46.6798270014938
"IRX1",3.9511091318037,8.10817728338843,13.1951598661061,3.87251331046002e-25,7.7287403499882e-23,46.614839401089
"NOMO2",3.47307554227428,8.4162746443719,13.103902907907,6.35464630769068e-25,1.23366792637031e-22,46.1249423136055
"COLEC12",1.47351813124064,4.48271613545455,12.6696338522985,6.76698498069389e-24,1.1468965417676e-21,43.7850097974999
"ENPP4",1.79627278024145,9.36228232617355,12.4755878650466,1.95546387034081e-23,3.16355537508546e-21,42.7352192393182
"BCAR3",4.35397978178051,7.32172688150413,12.0138780434783,2.46414865874637e-22,3.26844065885272e-20,40.2284430649547
"CCDC106",2.83189263693492,7.44155158536364,11.9522180647213,3.45928501429989e-22,4.42353481918408e-20,39.8928409916774
"PITRM1",3.58880268092247,7.53538935904545,11.8739305078917,5.3228041670913e-22,6.6863813522491e-20,39.4664936496558
"EBPL",2.63769646075335,7.85986707441322,11.8726347933759,5.36091597683892e-22,6.69487489388276e-20,39.4594350788858
"ISL1",3.75139392932746,6.70037218535537,11.7739246530168,9.23377457637734e-22,1.12678432044879e-19,38.9214968329947
"TLX2",2.34927796295641,5.92935664218595,11.6982280745288,1.40145397092652e-21,1.63541254366862e-19,38.5087187485789
"GRIK4",3.0415358735124,7.37368983096694,11.6694442683542,1.64249767383666e-21,1.86572009706286e-19,38.3517042561612
"ARID4A",2.26783102672479,7.67080560723141,11.6474728591506,1.85407089062511e-21,2.06217103485934e-19,38.2318317331975
"SLC6A17",2.31955218258424,6.89948561897521,11.5462289946726,3.2411383778366e-21,3.46072550293503e-19,37.6792565080172
"PPM1B-DT",2.61175901928672,8.19772655205785,11.5291130284957,3.56221456891427e-21,3.7289751038806e-19,37.5858084676664
"ALG14",1.12159050172451,5.18836472572727,11.5217103994214,3.71076501770362e-21,3.82818294459231e-19,37.5453896661428
"PSMB6",3.79067004005145,6.89924471317355,11.3850912455409,7.88948401522855e-21,7.58918608762187e-19,36.7991726073725
"SLCO4C1",4.16433062899882,9.60804650466116,11.3371511139161,1.02813388488325e-20,9.58768520160777e-19,36.5372132515639
"SLC26A10P",1.78080164252597,6.81808903308264,11.2314095385831,1.84410916130884e-20,1.66164350800634e-18,35.9592410850746
"GRK5",1.6527721955691,6.45809321225826,11.1924622441971,2.28701285823491e-20,2.01814709039697e-18,35.7463085944707
"XPO6",2.00211872425958,6.24293459721901,11.0134185653732,6.15378983378149e-20,5.02482917574464e-18,34.7671812969552
"ORAI3",3.75415301893548,8.17279326915702,11.0130936092253,6.16485714842002e-20,5.02482917574464e-18,34.7654039301676
"TRIM16",4.92378059882744,10.2771666303636,10.9696146858519,7.84039843984579e-20,6.31817768614743e-18,34.5275869351871
"AQP2",1.39229400702523,5.15951996100551,10.9187402506211,1.03877554378527e-19,8.12565997711881e-18,34.2493058361367
"LINC01554",5.28332518851807,8.3818684805124,10.884785570902,1.25335268422323e-19,9.66257998974261e-18,34.0635702718452
"RAB24",1.63279315482009,6.851508484,10.8615318958851,1.42536033821273e-19,1.08709178651903e-17,33.9363691790514
"NPTN-IT1",1.97921490627369,9.05137515228099,10.8049784987191,1.9487619886619e-19,1.46534550238996e-17,33.6270138629877
"SHPRH",2.19295423101353,6.22715307864463,10.7800557807736,2.23676543618143e-19,1.6528071242095e-17,33.490684772837
"GXYLT2",1.23647761689476,5.64729185260331,10.7054369587149,3.37943699515001e-19,2.45468969494655e-17,33.0825302916245
"MOCS3",2.31788092440832,7.79113647131405,10.6235289583406,5.31574239976091e-19,3.79657789120048e-17,32.6345515509725
"MAGED4B",1.76249324985317,8.87275419966116,10.6059600910358,5.85809821272397e-19,4.11512129383949e-17,32.5384711548927
"SYT13",1.93322627693661,6.8292626253595,10.5783182008277,6.82555383541899e-19,4.70961938091713e-17,32.3873112117917
"LOC101928553",2.25386902796885,7.24975455816529,10.4864941704199,1.13402831933075e-18,7.61546376078871e-17,31.8852507614872
"DNAAF11",1.26756833869594,6.09117286605372,10.4536111943577,1.36009595125101e-18,9.04823957600166e-17,31.705493932619
"MRPS16",1.47935718328702,4.25222236640496,10.4500415966761,1.38719977400398e-18,9.17140903215327e-17,31.685981772134
"TTLL7",1.77391001595076,6.13455255347521,10.4324919801805,1.52851134605286e-18,1.00434953215258e-16,31.5900557163544
"CYP2B6",1.02914054230559,4.49004723103306,10.3992351188457,1.83695562729447e-18,1.18777699149647e-16,31.4082920550976
"ZNF285",2.1112022242658,5.68828501490909,10.3773970500915,2.07259266503235e-18,1.31423700684481e-16,31.2889508540023
"SPARCL1",2.89926918254351,6.73398171208264,10.3599333649238,2.28258483372293e-18,1.42528067614483e-16,31.1935231137795
"FNDC7",2.91681346376239,8.28628772340496,10.3439235349347,2.493722774789e-18,1.55257871299181e-16,31.1060464395904
"LGALS3",1.62434197629947,4.45259228196281,10.3400064656709,2.54828614985881e-18,1.58193752122776e-16,31.0846448272747
"DOP1B",2.07833641279775,7.05600093723141,10.2765039022478,3.61924031559367e-18,2.15890717708109e-16,30.7377452697244
"L1CAM",2.47846840004406,10.0347392101488,10.2251989133533,4.80493110582207e-18,2.82670258305318e-16,30.4575645509628
"GRIN3B",3.1673472655995,8.22000448381818,10.2222695012794,4.8832983136459e-18,2.86491306285462e-16,30.4415692952549
"CPA1",3.82126383078391,6.7515147441405,10.2009599911136,5.49313323038401e-18,3.17042865229326e-16,30.3252230240858
"KCNA6",1.2295357242265,4.92505068966942,10.0901957935214,1.01243778122588e-17,5.64506757652186e-16,29.7207287744885
"UHRF1",2.64424720592982,7.13679568678512,10.0717489577186,1.12092252184837e-17,6.20137317463004e-16,29.6201010514219
"PCOTH",2.11119477768266,6.01838275736364,10.0664893287016,1.15392914697086e-17,6.36748241177333e-16,29.5914122579647
"RNF115",1.60764977668849,6.68894393810744,10.0571763851817,1.21477118449285e-17,6.66875029430457e-16,29.5406173656582
"PGM5-AS1",1.59886963161705,5.42108535668595,9.98163182360988,1.84271351453571e-17,9.91212773373047e-16,29.1287190719341
"CHIA",1.17105784667134,5.8070301728843,9.87503539132795,3.31608950458319e-17,1.71881289733918e-15,28.5479709286333
"NUP50",1.06715743617615,5.32146797388981,9.84998112386645,3.80686564620077e-17,1.94487119317267e-15,28.4115572289433
"LINC01111",1.68893392153899,5.75782786709917,9.84509325339963,3.91074975091727e-17,1.99317567854029e-15,28.384948049604
"MUC7",1.66885115260317,7.79044163162397,9.81243475917535,4.68134256226078e-17,2.35223695099009e-15,28.2071916889017
"ATG4D",1.59041668212326,5.41097088584297,9.79132281274799,5.25837954701787e-17,2.62366110342445e-15,28.0923138996077
"YPEL4",2.74404721426693,7.53290600381818,9.72639512627002,7.51688270329441e-17,3.61538356146063e-15,27.7391833816605
"SP2",1.27804414268189,6.33509534551515,9.68374785628697,9.50417666694994e-17,4.54053003853951e-15,27.5073736414553
"CA9",3.71368385835178,7.02791154076033,9.67663415216741,9.88333184466836e-17,4.71112838265386e-15,27.468718359891
"LRRC31",2.94033450491965,6.74080557729752,9.66040144216476,1.08060071707239e-16,5.11668033549466e-15,27.3805235607808
"MYL6B",2.35889514222678,6.03989650695041,9.63438416463448,1.24674331479266e-16,5.85147329393346e-15,27.2392042804096
"PPP3R1",1.65858419694197,9.83222403269008,9.59729517131166,1.52858267742734e-16,7.00491053142938e-15,27.0378261083516
"CAPN5",2.06356456024799,6.1233455245124,9.57506400936896,1.72712836640101e-16,7.84740984350928e-15,26.9171661494454
"PLCXD3",1.76664877577146,6.1204216838595,9.55411736204352,1.93768405524071e-16,8.7482543339673e-15,26.8035104044672
"CELSR1",1.82851699365192,6.67000371099725,9.53780427259286,2.11924558975393e-16,9.48773366230505e-15,26.7150184083675
"GC",1.88102570974371,8.97450656718182,9.53717396077485,2.12659162810971e-16,9.50070381135627e-15,26.711599613542
"SWSAP1",2.32322887100393,5.95518980504132,9.49798471250844,2.63692076908196e-16,1.16587076279775e-14,26.4990968540151
"CUBN",2.85789912389758,8.16527902431405,9.49774400762153,2.6404058726209e-16,1.16587076279775e-14,26.497791998759
"TXLNA",1.12413747369567,5.27840748266116,9.49760741395474,2.64238562020188e-16,1.16587076279775e-14,26.4970515298439
"CD5",1.38259593389954,8.87614766836364,9.4414486205215,3.59563047966677e-16,1.55434592901384e-14,26.1927406261806
"NDEL1",1.66815323359076,4.39797608449587,9.43625328474954,3.6995258459355e-16,1.59602776646369e-14,26.1646010530903
"GOLGA2",1.14261642536917,4.77373641408678,9.41086233976864,4.25200450934078e-16,1.82557419557023e-14,26.0271073929248
"LPAR1",2.62481274779519,9.29747003071074,9.4106373475727,4.25725099224527e-16,1.82557419557023e-14,26.0258892823438
"UMAD1",2.2781914388563,6.95678321218182,9.36151002544664,5.57216621485165e-16,2.36098431583645e-14,25.7600151760454
"LOC100190986",1.59833583978447,5.24835560569421,9.34172507017625,6.20979857214016e-16,2.62075589936864e-14,25.6529985359357
"CEACAM7",1.89714391824468,6.35951471011019,9.33635548222439,6.3950705436923e-16,2.69362389468538e-14,25.6239603798215
"PHF24",1.300407503427,5.03864399457438,9.28522658758014,8.45995800962265e-16,3.53546777486285e-14,25.3475894361875
"EFNB3",2.44645941844367,8.43388231366529,9.23988024070948,1.08409374328249e-15,4.45208113226878e-14,25.1026753578438
"PTPN7",1.22259550028504,4.58556360021901,9.23248377750176,1.12882404612983e-15,4.6180148477208e-14,25.0627456230274
"SGSH",1.27377394028984,5.7487777483843,9.22432027053265,1.18033209483767e-15,4.81030379489665e-14,25.0186810637832
"PRSS16",2.270593949552,6.10582847455372,9.18515145580583,1.461989994462e-15,5.84659107335879e-14,24.8073472083628
"LOC389765",3.89448628388628,7.39954555633058,9.17213911657928,1.56966445707166e-15,6.2421200150401e-14,24.737172916332
"FAM242F",3.47463952358312,6.29496602171074,9.15731850431577,1.70196177750895e-15,6.73062847383402e-14,24.6572673379772
"ITGAL",2.03498143462865,4.80425196713636,9.13142621491805,1.9603100683655e-15,7.70946989133432e-14,24.5177218407036
"CCNI",1.23091739785744,4.55533334097245,9.12524612317756,2.02754245756496e-15,7.95922227597421e-14,24.4844245920179
"LOC102723701",2.87773462495303,5.54072725555372,9.12005492638515,2.08578960747678e-15,8.15788224682539e-14,24.4564583755619
"SPATA2",3.35515390620359,7.13015349256612,9.10753746539837,2.23319167528333e-15,8.65513760901553e-14,24.3890353046445
"LINC01922",1.78382791457067,4.81482391458678,9.10527693952435,2.26089701796435e-15,8.74664054685303e-14,24.3768611233911
"ABCB4",1.46607278035829,4.3613809764876,9.09979010933549,2.32957771441156e-15,8.97980723668933e-14,24.3473137324623
"GXYLT1",1.50678859087638,5.31328913593388,9.06403095715403,2.8310464144045e-15,1.0834587128962e-13,24.1548233081187
"SMCHD1",1.11733568763401,5.9915224491405,9.05117426918704,3.03651417600913e-15,1.14854557773324e-13,24.0856495728735
"NECAP1",1.25454417854576,7.60404816564463,9.03540347229237,3.30895350505389e-15,1.24625576896695e-13,24.0008213545558
"PCYT2",1.5634013762016,6.35292559144628,9.03031690377337,3.40191670704544e-15,1.2790128746295e-13,23.9734674388137
"LIPT1",3.06782908169114,6.91278610675207,9.02481917514273,3.50532309401562e-15,1.31557424732344e-13,23.9439056383927
"ACADSB",1.04363154644706,7.41457849819835,8.9871752026057,4.30263988857055e-15,1.5979630403552e-13,23.7415807941362
"LRRC37BP1",1.29268516856556,7.12335447764463,8.92128482946167,6.1570390234558e-15,2.24374690010066e-13,23.3878288586218
"TEX36-AS1",2.81882451528899,6.78325833839669,8.91625796441421,6.32757425108801e-15,2.28638490917063e-13,23.3608614467671
"BRINP3",3.63997828945642,6.84601196278512,8.91010696727788,6.54265968880302e-15,2.35216326017489e-13,23.3278675291298
"NUTM2E",3.16194896332294,5.98114123958678,8.89653537207743,7.04333668555788e-15,2.5236653510082e-13,23.2550855228177
"PDZD11",3.02350517669681,5.73840619195868,8.89465086278258,7.11581276780295e-15,2.5424285478559e-13,23.2449809858672
"TMEM119",2.48880525786196,5.9224834826281,8.8511791574842,9.01026487259229e-15,3.14916868010161e-13,23.0120099698629
"SLC22A5",1.57818451846235,6.15981095224793,8.8267269481482,1.02886479220172e-14,3.54950042608525e-13,22.8810693681194
"SLC25A15",2.41663846443237,7.57444254055372,8.8246480120009,1.04053297910582e-14,3.58396480142012e-13,22.8699401936313
"CHADL",2.2628383919485,6.2318598156281,8.79954020182317,1.19230458076031e-14,4.047959351691e-13,22.7355735811835
"OMA1",2.7892475313433,5.49603383765289,8.7922301911933,1.24050039382205e-14,4.19556898831162e-13,22.696468496252
"CTAGE9",2.46725550804294,8.25984577019835,8.79103962876606,1.24853161020133e-14,4.21206833109787e-13,22.690100200661
"ODR4",1.939507708205,7.27158403428512,8.78361807489679,1.29977608112553e-14,4.36426386987981e-13,22.6504065566075
"C2CD4C",1.95292971720301,6.75030384483471,8.77128641703904,1.38959638197567e-14,4.64394847215814e-13,22.5844672890296
"TET1",1.21291034850223,5.40342140844628,8.74658276033023,1.58854586163583e-14,5.28401820486499e-13,22.4524325932177
"NEUROD1",1.26875510712072,6.12981872933058,8.73839864369151,1.66052078255948e-14,5.50627660117356e-13,22.4087082721198
"RPS6KA5",1.14989160823823,5.0045917956343,8.73768022906436,1.66699179287903e-14,5.51916430029947e-13,22.4048705053821
"ILKAP",1.57046832689926,8.8927581177438,8.72519650950965,1.78353204722538e-14,5.85058784462333e-13,22.3381934933886
"PRSS1",1.5769145319055,7.27211749876033,8.70205970757288,2.02138909968373e-14,6.56029851424711e-13,22.2146722445669
"IL18RAP",4.94198044944228,7.56737814770248,8.69978746930406,2.04638742544848e-14,6.63135105773177e-13,22.2025452581089
"CDHR3",1.49533135522509,4.59433944466529,8.69471923741116,2.10326076082682e-14,6.79502776814775e-13,22.1754985134897
"U2AF1L4",1.55639846317925,5.95536189467769,8.6595435452086,2.54379128223848e-14,8.11997949659232e-13,21.9878793445098
"CXorf51A",3.24650909982124,5.98754465891736,8.64325841367777,2.77775246778087e-14,8.84037316683464e-13,21.9010760737973
"DOCK1",1.05988852135631,3.98770258988099,8.63237223377071,2.94597397193727e-14,9.32018876603266e-13,21.8430710765707
"SENCR",3.17626812999712,9.55287097745455,8.63180642661773,2.95498932498224e-14,9.33488121819464e-13,21.8400567335089
"PCMTD2",1.06348109391004,4.80348511460882,8.60223821634535,3.46639327191566e-14,1.07750841807509e-12,21.6825949739924
"NABP1",1.48605598954974,5.11365298115703,8.59985087504222,3.51133840079492e-14,1.08989290042116e-12,21.669886932146
"HSH2D",1.77644250405821,6.83077284438017,8.58430020100456,3.81863646703898e-14,1.17333786695852e-12,21.5871293131303
"GSDMC",2.96381705377712,6.1256363844876,8.52814190706841,5.16855728437749e-14,1.56337876498415e-12,21.2885598982452
"HPN",1.09428335377312,8.56925175569421,8.52020008045948,5.39442368425078e-14,1.62250588418557e-12,21.2463743485686
"HOPX",1.17874380197867,4.29884189491736,8.51532075862342,5.53803568844625e-14,1.66302931398488e-12,21.2204609657943
"XRCC1",1.57976567300897,10.244857473438,8.49378477510299,6.2187339644976e-14,1.84959698902293e-12,21.106129385244
"HNF4G",1.87466289393802,7.30979664385124,8.47735630402634,6.79342404718142e-14,2.01491070177166e-12,21.0189603561749
"CD151",1.76827338865605,8.22877846334711,8.4751319258564,6.87519327278662e-14,2.03351457535122e-12,21.0071610460245
"IMP3",1.93534464311304,11.1331481711653,8.46408367545935,7.29607399576585e-14,2.1495322318822e-12,20.9485664276611
"SFPQ",1.01058226444532,5.87209091399174,8.46335322278057,7.32478710934687e-14,2.1545568694229e-12,20.9446931220681
"AOAH",2.23327376689248,7.99731500163636,8.46037988765823,7.44282981458835e-14,2.18626727222193e-12,20.9289275391819
"ARHGAP4",1.24797976933195,8.75187297191736,8.39189635511164,1.07522404115952e-13,3.11130208658016e-12,20.5661898860697
"FMNL3",1.10265072627626,6.60323857252479,8.38440464818727,1.11932827524862e-13,3.23016963755869e-12,20.5265537758134
"NEK2",1.31890092317671,6.49191647903306,8.37406537504108,1.18316640427606e-13,3.38239873672225e-12,20.4718670503387
"LINC01635",2.31839001888968,5.73126746859504,8.35726333160292,1.29472047050171e-13,3.6963577068936e-12,20.3830343785071
"KANK3",2.3478540999598,7.74413612738017,8.35022025714783,1.34453776192021e-13,3.81816541300614e-12,20.3458112724637
"EZHIP",2.30831684322396,5.50682582560331,8.33913447725787,1.4268393995379e-13,4.02511960067792e-12,20.2872387495227
"TADA3",1.36322246674175,6.95375900199174,8.33523346455893,1.45697705712418e-13,4.10471570644947e-12,20.2666322968629
"CYB5R4",1.52774119225079,8.39096624392562,8.31848681707637,1.59371375018789e-13,4.46637232746225e-12,20.1781996399862
"LINP1",2.07294997229691,6.73530520915702,8.31752604059496,1.60193463047025e-13,4.48352739628992e-12,20.1731275648183
"NDC80",2.140830254397,9.42078559741322,8.31521303450215,1.62189924823204e-13,4.53346314738158e-12,20.1609175116795
"HCG4B",1.6567512622607,6.24663637793388,8.30209927616638,1.73985906585211e-13,4.84707883008844e-12,20.0917086952233
"WDSUB1",3.31926634523017,5.97214022123141,8.27148745224759,2.0494727874876e-13,5.64574339867237e-12,19.9302657910479
"QRICH1",2.25075977122904,5.78836283611983,8.26160032709834,2.16073482864825e-13,5.91570413663891e-12,19.8781565224158
"MBOAT1",3.03691664933707,6.63319717581818,8.25833928838255,2.19873337800127e-13,6.00434159683082e-12,19.860973177534
"MMP13",2.78313137599657,7.71529794638843,8.25696576905752,2.21493620412032e-13,6.03315849987109e-12,19.8537362605532
"LINC01350",3.15607268925731,7.06680018415702,8.25547367673657,2.2326723500342e-13,6.07372204267264e-12,19.8458749649908
"LZIC",1.74867778099318,5.34620788855785,8.25379978432662,2.25273763229413e-13,6.12051045008157e-12,19.8370562881659
"EIF4G1",1.48594006692841,6.0570609162438,8.25050982097744,2.29269908737344e-13,6.2132727171142e-12,19.81972497128
"FLJ12825",1.17509687707717,5.34370256735537,8.24460168493733,2.36623958112403e-13,6.40444185740223e-12,19.7886059955218
"DDX19A-DT",3.00175955956952,8.22503101029752,8.24420284583467,2.37128773696228e-13,6.40998096491512e-12,19.7865054726587
"ORC3",2.48050505061082,7.8036773712562,8.21301694130479,2.80103698138875e-13,7.45837216179011e-12,19.6223480429671
"SAMD9L",1.18344818428785,6.45519372587328,8.1974917857585,3.04300669050132e-13,8.06245755281089e-12,19.5406900235761
"PDCL",1.56378720552032,7.03155291501653,8.16607589018894,3.59803065849587e-13,9.47422252924528e-12,19.3755825990531
"RNF146",1.44241430431332,4.42672848165289,8.15775409362438,3.76120280851517e-13,9.85527435286399e-12,19.3318768388789
"KLHDC7B-DT",2.71372305134497,8.41716460542149,8.13312447174332,4.28849787173427e-13,1.11412253103267e-11,19.2025968015309
"MDP1",1.1301017930087,8.26382723122727,8.12901898310558,4.38327267324482e-13,1.13460349014719e-11,19.1810580262962
"TRIM6",1.48926515970754,6.07064255546281,8.12323615676097,4.52030991212296e-13,1.16865881565842e-11,19.1507246340382
"ZNF217-AS1",1.25747888920077,3.96362705252066,8.12263860722255,4.5347106902984e-13,1.17096429010063e-11,19.1475905830597
"SSC4D",2.07894011371094,5.63338992292562,8.12211782737908,4.54729852122868e-13,1.17279661740143e-11,19.1448592304892
"DKFZP434A062",1.11724721161168,5.06057955654545,8.10662835158555,4.93799869582012e-13,1.26591791295605e-11,19.0636439688649
"S100A1",2.86307581629973,7.42483616041322,8.06484382724182,6.16634132985042e-13,1.56578143994002e-11,18.8447805652811
"BHLHE41",1.08457204994609,6.05385980755785,8.05294196937939,6.5687580938831e-13,1.65859563765835e-11,18.7825000917085
"SLC16A4",3.24332043488286,9.62071018252066,8.04892035080415,6.71054853108572e-13,1.69189803874068e-11,18.7614617231617
"RARA",1.08134665645742,6.83690603481157,8.04487913343953,6.85609307420406e-13,1.72452140871175e-11,18.7403239422998
"LNX2",4.14066071445584,8.12427333653719,8.02177302816559,7.75055401097702e-13,1.93582550765397e-11,18.6195266209769
"LOC100506076",2.55987811131953,6.70939563657025,8.01487011208078,8.03960591060073e-13,2.00567504930933e-11,18.5834586036471
"PRPH2",3.40477775787554,6.46381035369421,8.00935406397487,8.27826228497032e-13,2.06280386342522e-11,18.5546436825192
"PAQR8",1.5645413107477,6.09819821125207,7.97494202603044,9.93439260575748e-13,2.45827293274567e-11,18.375015359828
"CECR3",2.01486137254577,7.27478024569421,7.96611096234325,1.04100158951708e-12,2.56408176979667e-11,18.3289555100864
"LOC100130452",1.88588778229238,6.85506293609917,7.96362836693752,1.05477502793016e-12,2.595013908001e-11,18.3160099192021
"LDOC1",1.383410762147,7.59669511399174,7.96190884383398,1.0644209027631e-12,2.61573168912611e-11,18.3070441177545
"SFMBT1",1.3387213955933,4.42200981706612,7.9350282720426,1.22711794217079e-12,2.99145018893347e-11,18.1669624404527
"USP20",1.35176981397278,10.4810316273471,7.92909175587057,1.26625372824635e-12,3.07631949564287e-11,18.1360452901643
"TDRD12",1.08909502219678,8.42956705373554,7.90395241278723,1.44619251557597e-12,3.48178592673336e-11,18.005199788993
"NRAS",1.23684926738373,5.74883360655785,7.8995459405549,1.48025114317439e-12,3.55177114185271e-11,17.9822782164092
"MGRN1",4.43903140416738,9.01806266728099,7.88957967385587,1.56024912534044e-12,3.73951964889396e-11,17.9304504203451
"AP5B1",2.75653859590041,7.57671267500826,7.87052466538487,1.72534162129096e-12,4.09840604256602e-11,17.8314152684062
"EME1",1.25372415334102,7.00516937790634,7.8686978808991,1.74205216547308e-12,4.13350266596418e-11,17.8219248203597
"CRHR2",1.03884399369482,4.54239764394215,7.86229852444789,1.80186802157232e-12,4.26122830572281e-11,17.7886845801363
"AOX1",1.52875481707292,6.93292448064876,7.82663413651324,2.17455813639474e-12,5.06961670335257e-11,17.6035898103031
"SMPD1",1.01823597775108,7.22000408240496,7.81961355162449,2.25647570876664e-12,5.23772160442518e-11,17.56718526143
"ALDH18A1",1.33494416248978,6.3276649904876,7.80297396303155,2.46306999857072e-12,5.69251729648027e-11,17.480944226181
"EMC4",1.57830685750026,4.76619852068595,7.79340988484616,2.59020356914495e-12,5.94133160248018e-11,17.4314015397294
"ZNF84",1.27397224335262,6.10783871742149,7.78463261345298,2.7126006514714e-12,6.2087445779391e-11,17.3859518858009
"GCN1",1.22407637641256,7.9879026754876,7.78045195411464,2.77290078871617e-12,6.32642054946943e-11,17.3643098273265
"ZNF202",1.32545610289502,7.65494620073554,7.7629889404504,3.03950242604318e-12,6.86863220192086e-11,17.2739498418141
"MIR30DHG",1.2747374646852,5.80298282002479,7.70724022544014,4.07281464092071e-12,9.01294887635874e-11,16.9859331002476
"SNHG15",1.74155824178843,5.29942155933884,7.69774300245028,4.28072891521815e-12,9.4436948331078e-11,16.9369359790206
"LIMA1",1.47800912161441,5.14019503171901,7.68827617573437,4.4984550678024e-12,9.88317983260496e-11,16.8881158104014
"PDE6H",2.23498293626581,4.77613441136364,7.679015237553,4.72207080715589e-12,1.03425458550579e-10,16.8403769346957
"HTRA1",1.887031125177,5.12481862703306,7.65662366833032,5.30935423577978e-12,1.15768819973229e-10,16.7250317322458
"EMG1",1.44014907154973,6.65623811793802,7.6539769069425,5.38339527822163e-12,1.17188997111542e-10,16.7114050723393
"ZFYVE19",1.43557883592698,7.19191947291736,7.63815892171166,5.847736703097e-12,1.26542946388493e-10,16.6300007626795
"LINC00174",1.29808379210913,5.48491082012397,7.62267725427355,6.34063323168656e-12,1.366339280148e-10,16.5503830068959
"SHTN1",1.73051627239584,12.2451285234298,7.60994079331862,6.77686134824321e-12,1.45593434699933e-10,16.4849246711824
"ZNF222",1.54066407760514,8.70419650961157,7.60892083052867,6.81305641146915e-12,1.46223939363742e-10,16.4796842602761
"PLEKHO2",2.30925796146151,5.41163217926446,7.60494561676733,6.95596278869551e-12,1.48991560032691e-10,16.4592625419298
"GOLPH3",1.32796824051804,8.5384987602562,7.59398872444807,7.36543242974983e-12,1.57288809537308e-10,16.402993218449
"CDKN2C",1.31781698712551,7.70768107442975,7.59020198985069,7.51243460149826e-12,1.60107825264466e-10,16.3835529122895
"CTSO",1.62962308376465,8.79489342071074,7.58395808191084,7.76120622505784e-12,1.65080237984174e-10,16.351505348086
"SLC16A6",1.54482289216314,5.75082050264463,7.55747747500018,8.91028857541884e-12,1.87098537392399e-10,16.2156929628197
"KIAA1210",3.22053258521602,7.8914760027438,7.54849184444587,9.33734349443516e-12,1.9568103073961e-10,16.1696457714454
"MAGI2-AS3",1.02258359037157,5.45203438065289,7.54320290368477,9.59813405606546e-12,2.00752353346991e-10,16.1425514200365
"SEPTIN9",1.11531279721603,6.02863771595248,7.54166776416483,9.6751733209299e-12,2.02165681280292e-10,16.1346884133465
"GPT",3.14963706358593,7.97660119571074,7.53518311317778,1.00074215343134e-11,2.08090055370265e-10,16.1014801751843
"RAB38",2.17196672864589,5.22924751275207,7.52688246873394,1.04492719839468e-11,2.16434726689799e-10,16.0589868922289
"MEF2C-AS1",2.9689689324485,6.87527507908264,7.51034546961462,1.13880179726223e-11,2.34514102030231e-10,15.9743790332275
"CCL21",1.68419579048918,9.75203028747107,7.490421606928,1.26306641513369e-11,2.57865997085851e-10,15.8725312937983
"DUS4L",1.04743526583708,3.85046713870248,7.48341667774675,1.30987658243526e-11,2.66912351315887e-10,15.8367462203009
"ASPRV1",2.00308270923923,5.50239953985124,7.47542685757727,1.36537085354249e-11,2.76899283735991e-10,15.7959444879403
"IL17RE",1.65736071846319,6.72320668702893,7.44834214575879,1.57141039808923e-11,3.15314246433838e-10,15.6577479221149
"PTPRN",1.39375232877596,7.53781844953719,7.44752558490355,1.57807884003734e-11,3.15837616016845e-10,15.6535843438255
"BCL2A1",2.90819616854352,6.29002375443802,7.44448262633971,1.60317712881555e-11,3.20560370654083e-10,15.638070006037
"CCNA1",1.38745300263514,6.4546572075124,7.4282376027218,1.74401286810733e-11,3.46772763486332e-10,15.5552849086564
"NSUN6",1.05365053832039,4.34545675270248,7.42373440362224,1.78517903497055e-11,3.54298311262045e-10,15.5323481942979
"LOC101928014",1.29637222297565,4.67204039832231,7.42334756562332,1.78875992812869e-11,3.54679371078813e-10,15.5303781011801
"PIRC66",3.27656278988572,6.43193238136364,7.40870587680399,1.92965875527346e-11,3.79795969759121e-10,15.4558384776266
"CCDC152",1.23242696741401,4.16218917713636,7.4062573998364,1.95427133949167e-11,3.84286044703909e-10,15.4433787724469
"TRAV34",1.65618189173524,8.31482327843802,7.39761060007757,2.04370642661256e-11,4.00765387881645e-10,15.3993894725982
"LZTS3",1.91187732565098,6.27831467736364,7.38448753140039,2.18724642709868e-11,4.26562990417281e-10,15.3326641707868
"RILP",1.49758443767018,9.21430266519008,7.38416373340045,2.19091161378339e-11,4.26887933506792e-10,15.3310183493099
"MAN1B1-DT",1.05217145213797,5.97311483775207,7.37808984262178,2.26080315156107e-11,4.39303469532181e-10,15.3001505547219
"AMT",1.968314694078,7.84731424603306,7.37771758486022,2.26515782123915e-11,4.39749502477837e-10,15.2982590307924
"ZNF502",1.9482457850995,7.49928762671901,7.36643633822422,2.40114232038071e-11,4.64039766983983e-10,15.24095339866
"COLGALT1",1.02795711033479,7.43458924867769,7.3649967957488,2.41906660086759e-11,4.66726099159921e-10,15.2336432731336
"SMIM20",1.4972108878648,4.46928478947107,7.36496902526436,2.41941368190134e-11,4.66726099159921e-10,15.2335022573765
"EI24",1.46593802895415,4.75068950586364,7.35777225010247,2.51104416978363e-11,4.8265840005157e-10,15.1969644535494
"FIBIN",1.42569999756387,6.55997629690496,7.34274278120321,2.71363655910176e-11,5.15899146241341e-10,15.1207035096841
"CAPNS2",1.41905960310347,5.93131380986777,7.32885980582399,2.91512497961053e-11,5.47615346023221e-10,15.0503121437442
"IGLV3-19",1.44314268574063,5.82404124202893,7.31349927094019,3.15536240808797e-11,5.90041718254979e-10,14.9724877700819
"BBLN",1.13777553450617,6.57681778413636,7.31217377836318,3.17698983461847e-11,5.93047359425502e-10,14.965775045402
"LOC105369602",1.86675476711196,5.6506296373719,7.31045373673075,3.20527399491552e-11,5.97804595296253e-10,14.9570648854171
"STOX1",1.10673771734751,8.42248334403306,7.28887267629591,3.58207757366723e-11,6.63445503778522e-10,14.8478464099319
"MINDY3",1.02901412484555,4.65350166795868,7.28792546245296,3.5995850786829e-11,6.65536445607275e-10,14.8430555297884
"CLEC12B",1.1457134215127,4.23480944073141,7.28626561216526,3.63046899965155e-11,6.70663196259159e-10,14.8346608052185
"GPR31",3.43359244952373,6.36960735352893,7.2850694030398,3.65288880730956e-11,6.74221611755364e-10,14.8286114087291
"WEE1",1.11251294311194,7.59961709644215,7.28378116093012,3.67718692594756e-11,6.78120266006996e-10,14.8220970141737
"DIO3",1.15115732720584,6.40881113487603,7.27954799670642,3.75816349372871e-11,6.91858460418763e-10,14.800693821004
"HCN3",1.7556253350022,9.12810171096694,7.27632232197334,3.82105122443975e-11,7.02829878534978e-10,14.7843877753305
"LINC01692",1.62429112660914,4.54135067609091,7.25757437799326,4.20774371436317e-11,7.68003136925004e-10,14.6896704851907
"BTNL3",1.99422797678107,6.43593806153719,7.24971020708464,4.38126429276868e-11,7.96271480613405e-10,14.6499676598611
"KDR",2.05612272500108,7.46998537145455,7.2420285136739,4.5575959652645e-11,8.24714867094242e-10,14.6112021846384
"INAFM2",1.33072981134415,4.70907945808678,7.24188579168258,4.56093775714493e-11,8.24714867094242e-10,14.6104820925075
"ABCG5",1.63372824263233,4.66871512260331,7.23978801465476,4.6103374520741e-11,8.32238007515152e-10,14.5998985658869
"NSMCE3",1.69676179060799,7.24272411432231,7.23489249380712,4.72769076152284e-11,8.52701319360813e-10,14.5752047347557
"TBC1D21",1.78857145316285,8.06103842331405,7.23454726566738,4.73607720434141e-11,8.53493069187433e-10,14.573463591099
"TECPR2",2.50631587424826,7.26978598468182,7.2289849877832,4.87324744673952e-11,8.76732933657309e-10,14.545414934899
"SMG5",1.1944432453071,5.06966690008678,7.22518287580744,4.96926702812444e-11,8.91753759542835e-10,14.5262470284454
"C10orf55",1.76015098754125,5.98856109349587,7.22348499233996,5.01274872140095e-11,8.98047390482527e-10,14.5176886165988
"SYCE1",1.06366938615607,6.09030941011157,7.21990598583619,5.10564271011988e-11,9.12393306063682e-10,14.4996507218839
"WDR7",1.51481517373979,5.00958882892562,7.2091303821677,5.39574258198068e-11,9.61018205489553e-10,14.4453636926941
"LIMS3",2.26579708267135,5.82859433994215,7.20800935245606,5.42684450714002e-11,9.65752203749793e-10,14.4397178173247
"BTBD19",2.22323382411309,5.4759380703595,7.20339638182661,5.55670613887985e-11,9.88038797633465e-10,14.4164890015577
"LRIG1",1.06129653592757,5.18025769991736,7.20138809560227,5.61419919757025e-11,9.97431146956012e-10,14.4063780128385
"SERPINE2",1.20066075484103,5.43209679145868,7.19951574990092,5.66833093957879e-11,1.00537547520519e-09,14.3969524331387
"UBE2D1",1.02299731615439,4.16296513630028,7.1848885827199,6.10939351224016e-11,1.07645295754034e-09,14.3233510081325
"UBOX5",1.76395670840352,7.16301712471488,7.1774135289171,6.34774503948283e-11,1.11385452192404e-09,14.2857606232809
"GBA1LP",1.51430120210518,4.90158702718182,7.17373789446761,6.46830098426405e-11,1.13314657521705e-09,14.2672823536067
"C16orf54",2.18591571868605,6.0678569507438,7.16015607943887,6.93375653979479e-11,1.20676748905719e-09,14.1990359905195
"SULT1C2",1.00443474914178,6.43260092819421,7.15051083367259,7.28429057223911e-11,1.2636557690509e-09,14.1506014823635
"ABCC6P1",1.15547042837383,5.58934785191736,7.14869224369138,7.35232191809672e-11,1.2733887636736e-09,14.1414721790803
"STAU2-AS1",1.61856726033988,7.69385249638017,7.14497557652294,7.49332039558325e-11,1.29675735046743e-09,14.1228174318059
"LOC105376139",1.29552588282859,5.4141612991157,7.14366830969021,7.54354754133608e-11,1.30439237040674e-09,14.1162569016017
"FAM241B",1.23507747158648,8.27901901445455,7.13291513771278,7.96954673578567e-11,1.37028720243722e-09,14.062310246827
"SCNN1B",1.94843236879125,6.85288298070248,7.12433954444454,8.32627384162069e-11,1.42564819897142e-09,14.0193114639225
"INSL4",1.12936812126974,8.2175196835124,7.11520920999991,8.72345653605586e-11,1.48793461922902e-09,13.973554030884
"ZBTB46-AS1",2.12049637534782,6.56748171640496,7.10579985715673,9.15239720201438e-11,1.55736607369735e-09,13.9264230383499
"CR1L",1.70336544517641,7.88297724765289,7.09950004875318,9.45118404785009e-11,1.60182567731618e-09,13.8948816963019
"PCCA",1.13012580317246,7.45395769596419,7.08471656195381,1.01907718056835e-10,1.71763166464381e-09,13.8209095542457
"DENND2C",1.30943381081868,6.14855588895868,7.04691835532429,1.2352373153658e-10,2.06890140154012e-09,13.6320648599704
"UBE2E3",2.39556930671773,5.78044126534711,7.03159384264361,1.33528219170327e-10,2.22425516410479e-09,13.555619856585
"RNF175",1.76792360493377,7.20610290285124,7.02894474920601,1.35337146049431e-10,2.25087597654642e-09,13.5424120465255
"BRCA1",1.19189057369507,9.62302165611157,7.01972516287976,1.41823781863529e-10,2.34596968373018e-09,13.4964612281567
"RBP2",1.64693523728898,7.40443672143802,7.01692539979721,1.43853816380486e-10,2.3777076229143e-09,13.4825120340804
"SLC26A11",1.19648440851691,8.76904163138843,7.01325662729094,1.46557515772763e-10,2.41865204739362e-09,13.4642366899083
"STUB1-DT",2.35765274416457,4.97858978891736,7.01091019972985,1.48313006813381e-10,2.44573301969093e-09,13.4525504552356
"SLC13A2",1.68427747642841,5.34256453678512,7.00330205712031,1.5414937938713e-10,2.5361016924593e-09,13.4146697654968
"APOO",1.09619396908479,6.8329478707438,6.99917511887287,1.57409694934589e-10,2.5837694353022e-09,13.3941290417713
"CAVIN2",1.6305753977839,5.78454134404545,6.99055486610806,1.64441401154214e-10,2.68885614215026e-09,13.351240352516
"FAM225A",1.54985215068379,5.35428872280165,6.98114187186575,1.72474928347212e-10,2.80731866985877e-09,13.3044327492418
"HCN2",1.45923493623384,6.57963038517769,6.97443822808997,1.78431626898318e-10,2.899853418884e-09,13.2711139361162
"LINC01730",1.50883571217418,5.17877844341322,6.97142642182496,1.81173658576673e-10,2.94217755049799e-09,13.2561488686628
"TMEM25",1.36163069610574,4.50687748237603,6.96905136378256,1.83365331305678e-10,2.97550657297322e-09,13.2443495925025
"PPP1R3A",1.08996441532152,4.10883968098347,6.9431419314274,2.0904546928738e-10,3.36410399143331e-09,13.1157418189211
"GPR132",1.52338653430653,5.29786259228099,6.94243719754718,2.09791514470878e-10,3.37356761410061e-09,13.1122465299593
"KIF17",1.55212916528333,6.59087614808264,6.94144057851839,2.10851051371655e-10,3.3857137251327e-09,13.1073038264292
"RAPGEF3",1.14374428942389,5.20462912418182,6.93886032297842,2.13618848866297e-10,3.42479768584067e-09,13.0945085205314
"SIRT4",1.12830613958508,6.77065183371901,6.93855281854391,2.13951090425803e-10,3.42755103979222e-09,13.0929837621803
"ABT1",2.08794722039137,5.26464421445455,6.92418030996415,2.30063267326128e-10,3.66368461875426e-09,13.0217498211814
"NIPAL1",1.21983431911365,5.92379781950413,6.9031015876852,2.55886118988064e-10,4.02093309123628e-09,12.9173920550101
"MAPKAPK3",1.23869458506756,4.21941802617355,6.90031271185189,2.59510600385567e-10,4.0718948355869e-09,12.9035949220955
"TMX1",1.53601039938741,5.01025717427686,6.89823430844636,2.62244700283875e-10,4.1117735496051e-09,12.8933141944073
"POP7",2.80386490792304,6.27179568657851,6.87690716022587,2.91998669997452e-10,4.53170901002587e-09,12.7878973703375
"MITD1",1.49504228855086,7.32703277622314,6.86981439927775,3.02615062977938e-10,4.68285845644483e-09,12.7528701247767
"ZNF34",1.95327769696321,5.22219010434711,6.85347191396441,3.28550521920053e-10,5.06584577299836e-09,12.6722231451444
"SAMD10",1.16723824281953,5.1932243858843,6.85294252934552,3.2942640313936e-10,5.07568603105414e-09,12.6696121283817
"SPATA45",1.06336339064419,5.26535291232231,6.8516971099906,3.31496094974449e-10,5.10182389978515e-09,12.6634698496168
"PKD2",1.42948125492073,10.4864312696694,6.85163440764376,3.31600635584256e-10,5.10182389978515e-09,12.6631606209858
"LAMTOR5-AS1",1.89186013337891,6.87213538053719,6.82520108688474,3.78703223237878e-10,5.78898162651745e-09,12.5329095020986
"SPACDR",3.6799161476306,9.3874358018595,6.8228361213985,3.83226495515251e-10,5.84975111631751e-09,12.5212667715637
"ZBBX",1.60285887402542,5.03652605278512,6.81914504500307,3.90393015109017e-10,5.95063728597648e-09,12.5030991259724
"NUP153-AS1",1.61639321325224,4.51343905598347,6.81609027641702,3.96424122584421e-10,6.03395376891683e-09,12.4880666758836
"KIR2DS3",1.18385259005086,6.34960949345455,6.80903741037663,4.10702709303471e-10,6.22575537754973e-09,12.4533709693153
"DPEP2",1.09515133114645,5.52272921742149,6.77266971557068,4.92795154158883e-10,7.38501088916699e-09,12.2747161308308
"APEX1",1.15921281518601,10.8544396746116,6.77194290770732,4.94591051510624e-10,7.40672644110054e-09,12.2711500337163
"TNPO3",1.65231433591097,6.30642738942149,6.76480610491219,5.12572706591622e-10,7.65453856591895e-09,12.2361422035415
"SPATC1L",1.17725375931841,5.07802774176033,6.75632247704779,5.34789414912725e-10,7.96959382795621e-09,12.1945492257674
"TULP3",1.91052471397678,5.54592430109917,6.75271840231714,5.4451312658376e-10,8.10319011720989e-09,12.1768864446469
"OVOL1",1.06503772421178,5.63358489067769,6.75186831716443,5.46831972112283e-10,8.12637213949743e-09,12.1727209763806
"TRIM34",1.75640663426892,5.15673653429752,6.74295587159443,5.71738141473708e-10,8.46116979291133e-09,12.1290635647837
"INO80",1.12609297173413,5.42376093730578,6.7381033456047,5.85766447740772e-10,8.65677681072955e-09,12.1053044246139
"PTGR1",1.45082315879821,8.11610798028099,6.73305705855339,6.00715521906855e-10,8.86543190761637e-09,12.0806047137091
"GAS2L3",1.39131291644567,5.07627176373554,6.73241929388301,6.02631450838184e-10,8.88756535403966e-09,12.0774836819951
"NRAP",1.26758404270698,6.19229773489256,6.72017018066384,6.40622884783965e-10,9.42832646765097e-09,12.0175659210533
"ARSL",1.21817165389476,6.75792970876033,6.71804082694959,6.47464408346658e-10,9.52245347124165e-09,12.0071549830389
"C8orf17",1.67469391584214,7.73947812359504,6.71489630272481,6.57699794571445e-10,9.66633111704969e-09,11.9917833431489
"FUT8",1.29247646536223,6.52954894270248,6.70841170592755,6.79314272290667e-10,9.95659319476128e-09,11.9600943969836
"KCND2",4.35354676370755,7.48149576697521,6.68605122992512,7.59366024200518e-10,1.10314703719742e-08,11.8509294173428
"FZD6",2.60897834042865,11.0074474622066,6.67680557886861,7.95125797869897e-10,1.14651663831949e-08,11.8058400321957
"NFKBIE",1.17092927158309,7.04762504565289,6.67187197258898,8.14882889420106e-10,1.17184000697417e-08,11.7817913414595
"FANCL",1.53008212656049,5.34755959878512,6.67167018198393,8.15701214866835e-10,1.17222741880762e-08,11.7808078927088
"UBD",1.65881907657124,5.2252492792314,6.67077555821122,8.19338983779274e-10,1.17666334893116e-08,11.7764480085339
"ITPRID1",1.69277693893151,7.12119156451653,6.66987301962153,8.23025166706884e-10,1.18116279805279e-08,11.7720498222823
"GGT5",1.251261740927,5.51597959512397,6.65252154790464,8.97162174326489e-10,1.27981952122526e-08,11.6875467566602
"PDGFC",1.52943617263204,5.1804824152438,6.63487860641335,9.79299985976332e-10,1.38699217158941e-08,11.6017277121443
"BEX5",2.47517886556842,5.05233376290909,6.62113493494838,1.04838925946568e-09,1.47875512786589e-08,11.534948268967
"LINC02683",1.38177355683025,9.21109496772727,6.61341355096214,1.08929276966222e-09,1.53139217222757e-08,11.4974587213438
"IGFBP-AS1",1.27726421505141,8.71679651861157,6.6088883548656,1.11399259881272e-09,1.56097847425497e-08,11.4754969995706
"INPP5F",1.14702577138324,7.14755944651515,6.60274568398024,1.14840758032738e-09,1.60289175672492e-08,11.4456964862934
"TMPRSS2",1.21220804596687,6.40904348485331,6.59638596761858,1.18514409095744e-09,1.65092968443549e-08,11.4148565569885
"H2BC12",1.98954970291116,6.57622553004959,6.58816553662937,1.2343517453784e-09,1.71372504346132e-08,11.375014018871
"SHLD2",1.6218389174748,4.93409520844215,6.57415607970161,1.32289992588394e-09,1.8273303956825e-08,11.3071667989552
"GZMA",1.99309093751692,8.33177723782645,6.57005537315575,1.34998471040144e-09,1.8587313662555e-08,11.2873200174936
"LINC01088",1.25085241946094,5.06590000686777,6.5654692860421,1.3809238686014e-09,1.8964391777481e-08,11.2651309377262
"GJB2",1.72121340616795,5.44502282781818,6.56038347244229,1.41605289043509e-09,1.93844932533599e-08,11.2405325012414
"IRAG1",1.26691262765721,5.69377352613774,6.55920837883007,1.42429413449876e-09,1.94848182205131e-08,11.2348502251342
"MTLN",1.22775190632744,7.70745989431405,6.5565495428153,1.4431163375389e-09,1.96918526441809e-08,11.2219949365633
"RAG2",1.17900524268715,8.21374434277686,6.55365860117177,1.46386018333904e-09,1.99621546712677e-08,11.208020211778
"TEX53",1.38669344340492,8.05164274568595,6.53623588353759,1.59525191924861e-09,2.16021589952784e-08,11.12386076813
"AGXT2",1.06107055410855,7.70695094519835,6.53482395218487,1.60639584118916e-09,2.17117615117687e-08,11.1170451426589
"DKFZP586I1420",1.30636132443097,4.52684216812397,6.51768404339489,1.74795675706352e-09,2.34185167126483e-08,11.0343635403781
"TMEM212",1.14926291479918,5.6554509192314,6.50966683202447,1.81832907063919e-09,2.43298354031955e-08,10.9957244769178
"EEF1AKMT1",1.56753438161023,8.95134509417355,6.49858704057248,1.92020350693841e-09,2.55648041712405e-08,10.9423624977147
"ANO8",1.20727674486762,3.87274759984298,6.49300844009939,1.97360690298404e-09,2.62267426342403e-08,10.9155114971433
"GPR162",2.74698112146263,7.074238831,6.4848409620063,2.05444551941144e-09,2.72163052525009e-08,10.8762195372117
"STIP1",1.2339728789205,4.40915104637603,6.47499365296684,2.15626163978506e-09,2.84416104494193e-08,10.8288777444262
"LINC01649",1.35003562374488,5.01560062203306,6.46517895701697,2.26268811645357e-09,2.97718451798312e-08,10.7817270788025
"CD101",1.41798254467216,9.5134193648719,6.46074926126628,2.31240259583828e-09,3.03511723627084e-08,10.7604576864516
"LINC00659",1.38122806135687,4.5330661372314,6.45882278006209,2.33435811511931e-09,3.06017296183995e-08,10.7512097848505
"NTNG2",1.48706489360856,6.20370744330579,6.45666903623789,2.3591470819567e-09,3.08919184137657e-08,10.7408725012866
"FCGR3B",1.13216262498497,5.60920250756198,6.44847188461928,2.45589039697357e-09,3.20767825243857e-08,10.7015439861155
"ZFP92",1.34032556597167,7.14553264495868,6.43877911878058,2.57534138095803e-09,3.35343995063163e-08,10.6550709022447
"SLC8A2",2.0928883897528,5.23969355364463,6.3877699506332,3.30484972390723e-09,4.23365721979838e-08,10.4110616186673
"FGL1",1.2449425652341,8.16557627903306,6.38200050125641,3.39921522790181e-09,4.34672102945169e-08,10.3835223547576
"KIF3C",1.2339047184428,9.90627985725207,6.37730290817315,3.4780065163653e-09,4.44215485388642e-08,10.3611083911931
"YIPF1",1.36488571996544,7.6244448456281,6.37332109377247,3.54619954586046e-09,4.51844220178104e-08,10.3421160220599
"OR4F3",1.29970749581784,6.07262728281818,6.37087647635713,3.58871737965735e-09,4.56716684401566e-08,10.3304586298709
"TIMM22",1.01818230290664,4.92374059639945,6.3698915637903,3.60598901762193e-09,4.58641426273474e-08,10.3257626016937
"SYNAGE",1.58683435852824,5.85433427185124,6.34995203339713,3.97380566666914e-09,5.00357429314384e-08,10.2307686126784
"VPS9D1",1.56004214731218,6.36603294183471,6.34015895271942,4.16775289124725e-09,5.23264560925885e-08,10.1841672652805
"D21S2088E",1.11789731043605,5.54666868305372,6.3368018827398,4.23636118213184e-09,5.30601132225369e-08,10.1682005158056
"LOXL1",1.41182067308084,7.50874120577686,6.33660899149059,4.24033691966056e-09,5.30654831833468e-08,10.1672832222765
"GCH1",1.30896688019281,9.09583411995041,6.33654000242653,4.24175976558056e-09,5.30654831833468e-08,10.1669551484334
"POU3F4",1.52448499087667,5.08993465359504,6.32924894445877,4.39481420152938e-09,5.48516991663704e-08,10.1322929038647
"KLHL15",1.45930905781784,5.58766084886777,6.32706922742658,4.44161832454195e-09,5.54034809115615e-08,10.1219342123868
"HOMER3",1.1760518819764,5.36434706200275,6.32326249075829,4.52453923098891e-09,5.64048658947859e-08,10.1038476741404
"COL4A1",1.45623272643206,7.88695909138843,6.32074087528509,4.58030450064029e-09,5.70002346218959e-08,10.0918699763148
"MIAT",1.24882984526353,6.40732507175207,6.30066771024236,5.04904381803515e-09,6.25782534730938e-08,9.99660725294777
"EGFLAM",1.58407403223188,4.51130418140496,6.28022790425229,5.57485015047972e-09,6.8617247817576e-08,9.89976044402133
"BPIFB4",1.44820751740494,6.98491528147934,6.27926613260163,5.60087728912939e-09,6.8897888542257e-08,9.89520732089396
"GABRG1",1.07433981457746,4.09863627202066,6.27306227186414,5.77166310473767e-09,7.08355549434902e-08,9.86584605535576
"NME5",1.03156095732631,6.209243762,6.26713874113103,5.93951343726138e-09,7.27701144307038e-08,9.83782516260011
"ZFP2",1.68184315020245,6.58414105183471,6.25898392690334,6.17847783742854e-09,7.552455307286e-08,9.79927117345687
"LINC01426",1.05751742843943,7.03506428929752,6.25855314218807,6.1913612498478e-09,7.56387411272883e-08,9.79723523254264
"OVOL3",2.40292440172678,5.48360586642975,6.23974441696402,6.78041695195265e-09,8.23639385716433e-08,9.70841209054554
"SELL",1.63299731430822,6.65298678504132,6.23196939156223,7.03973296528459e-09,8.51747861040524e-08,9.6717345976262
"SHCBP1L",1.0808681742228,7.31765861655372,6.22783374104591,7.18161990441956e-09,8.66460412762032e-08,9.65223477293002
"MRPL39",1.13099207556728,5.09503217547107,6.20596902527243,7.97985553578702e-09,9.55800280511949e-08,9.54925113435352
"SPINK2",1.21456918784611,5.72725701283471,6.19445204288458,8.43480069459594e-09,1.00797520331895e-07,9.49508020723168
"CASP14",2.23862476630084,10.1640468865041,6.19411643836002,8.44843358101359e-09,1.00903970426479e-07,9.49350244150354
"ZIC3",1.9531555988795,5.29200904889256,6.19114927057913,8.56991280626803e-09,1.02240496077013e-07,9.47955490866677
"CPZ",1.1572552283563,5.22619117128926,6.18937969758302,8.64317777721864e-09,1.03056985724458e-07,9.47123844894289
"ZSWIM1",1.1793278707511,5.05393151910744,6.18771083365562,8.71283777225364e-09,1.03829604144239e-07,9.46339641034634
"MMP23B",1.03478253993886,8.17488885121488,6.16497548953819,9.71870707576428e-09,1.14728020786593e-07,9.35667086511159
"IQGAP2",1.00978142163767,8.29962084913636,6.16180944743907,9.8675535489334e-09,1.16356491461884e-07,9.3418247289297
"LENG1",1.38504534512666,6.07756948787603,6.14723606411524,1.05821355569865e-08,1.24439154636259e-07,9.2735384357069
"ATRAID",1.03595027736873,7.25772669800826,6.14298747557065,1.07998785583745e-08,1.26866879051557e-07,9.25364666573236
"TGM6",1.26299022714418,7.04354622119835,6.13730483587503,1.10980214720399e-08,1.29981913367323e-07,9.22705187426171
"CERS5",1.0102952656213,3.97658966851653,6.13429772099422,1.12590525406587e-08,1.31602116587722e-07,9.21298373320012
"SLC5A10",2.81610808855653,6.09627837598347,6.12781406594601,1.16141136875227e-08,1.35381767356467e-07,9.18266355466537
"GIMAP8",1.01369015962411,5.44096947079339,6.12577147147841,1.1728236073082e-08,1.36637469362065e-07,9.17311502094869
"CLEC18C",1.20848561947621,4.41756495691736,6.08153970219296,1.44885658572725e-08,1.6616719864772e-07,8.96675317465978
"DEFB4A",1.58123756388966,6.98224270343802,6.07853392012948,1.4697774326937e-08,1.68385713922607e-07,8.95275829850312
"SORCS3",1.97214319699544,5.49064320640496,6.0719062419225,1.51696265658373e-08,1.73048811599068e-07,8.92191281432649
"INTS5",1.06030371972816,8.32392185840909,6.06254107449682,1.58618602049138e-08,1.80079757935106e-07,8.87835723071015
"SLC10A3",1.52504798951241,6.03978759219008,6.0577015219381,1.62316573223953e-08,1.84082337822491e-07,8.8558633376275
"KLK10",1.11452877986731,6.49288234143388,6.05610181378192,1.63557473039367e-08,1.85391180294887e-07,8.8484300996241
"SP4",2.29634986319057,6.80238284404959,6.05315425081168,1.65868381833608e-08,1.87711674300832e-07,8.83473661372786
"LINC03013",1.45547333023863,7.62119977228099,6.0474172288913,1.70458661676383e-08,1.92498398736074e-07,8.80809427798897
"FAM89A",1.42036049593773,7.38325342875207,6.04593816166501,1.71662193559609e-08,1.93755081578512e-07,8.80122776418772
"FIRRE",1.20128918619849,6.15854029571901,6.04534594281967,1.72146426636622e-08,1.94198993176179e-07,8.79847866045591
"NPLOC4",1.27197462174939,6.91931499701653,6.03718103680906,1.78961009895359e-08,2.01365205569472e-07,8.76059142046918
"PITPNA-AS1",1.37352979401975,6.78413109617355,6.0371700693079,1.78970339578955e-08,2.01365205569472e-07,8.76054054677906
"CETN2",2.23224644295699,4.8043202421157,6.03681298464914,1.7927436080123e-08,2.0160105186468e-07,8.75888420596713
"STAM",1.12460375183362,12.4200623514711,6.00934680894681,2.0424529484201e-08,2.27051445671584e-07,8.63163863808136
"HYPK",1.17702596383114,4.67720953518595,6.00689298895837,2.06635798694433e-08,2.29469967816933e-07,8.62028564429027
"TDG",1.1181250611009,8.80047564586777,5.99154783295906,2.22220977028647e-08,2.45120297750349e-07,8.54934518886865
"FAM229B",1.73737025668887,7.04535577101653,5.98958638820871,2.24294557725368e-08,2.47024769480415e-07,8.54028447687821
"CNR2",1.34992036699939,6.58635782114876,5.98831709134397,2.25646541048674e-08,2.48068997351363e-07,8.53442192759237
"CREG1",1.00029249837157,5.11269940496694,5.97057527803702,2.45403681313909e-08,2.67650439962132e-07,8.45254718703124
"ITIH6",3.99878834623639,8.45965645121488,5.95957964664428,2.58491286990998e-08,2.81206389897747e-07,8.40187047193007
"OIT3",1.94143843201183,7.10381747266942,5.94741128657888,2.73774723086818e-08,2.96173212336322e-07,8.34584782566031
"CXCL9",1.6704015832556,9.452940016,5.93686882734882,2.87731166784604e-08,3.10642015504814e-07,8.2973610002394
"DUX3",1.73877917108932,6.65918434194215,5.93258689611111,2.93597204230219e-08,3.16335433720299e-07,8.27768091828244
"CDHR2",1.02761904670243,8.35556012847107,5.92639569941922,3.02287071294282e-08,3.25534059883479e-07,8.24923937688448
"TOMM20",1.26284490064788,4.94936056353306,5.92545379436735,3.03631065831059e-08,3.26323171153612e-07,8.24491380729394
"SLC10A1",1.06599536917871,4.75149868745455,5.90632108568722,3.32237241290282e-08,3.55279233237555e-07,8.15713074407172
"WFDC3",1.39616653444226,7.12342888463636,5.90532670905048,3.33794226589338e-08,3.56765550991758e-07,8.15257267376358
"RASD2",1.31356268576918,7.68410796936364,5.90207537876891,3.38935308884148e-08,3.62079215668884e-07,8.13767200719901
"SPMIP8",1.58598456473018,4.15269069657025,5.89629408189871,3.48269562678002e-08,3.71307863753806e-07,8.111187753229
"ERP27",1.61144189909159,5.74677509335537,5.88421738331637,3.68589877375826e-08,3.91409091564434e-07,8.05591009466792
"POLD1",1.25999552565094,10.0309631715372,5.88264189081874,3.71325194389044e-08,3.94117769690757e-07,8.04870331910389
"KIR3DL3",1.43255165644454,4.69143831723141,5.87981315288739,3.76286454661959e-08,3.98788944878717e-07,8.03576648798087
"LINC00886",2.48540132060743,6.60248625872727,5.87259518344503,3.89242664913242e-08,4.11702680001104e-07,8.00277166104158
"TRIM7",1.09743908370604,4.21651709310193,5.86544745138729,4.02504046670316e-08,4.24677565051611e-07,7.97011993214787
"PRAME",1.7774341940684,5.9268050855124,5.86175527807924,4.09526941284157e-08,4.31022564372754e-07,7.95326222656154
"CCL8",1.62334159044001,6.56685906012397,5.85718062349533,4.18395413931945e-08,4.39369606065562e-07,7.93238343213692
"UPK3B",1.84686384658876,6.26346431069422,5.85696807064613,4.18812022091829e-08,4.39495367654595e-07,7.93141355682363
"CASP8",1.05384953297,3.62466694939669,5.85318557879813,4.26294248109228e-08,4.46032026867837e-07,7.91415736369999
"SLC33A2",1.00057096151581,4.00374533819008,5.85062528563185,4.31433116677462e-08,4.50966921519687e-07,7.90248049454476
"SMIM1",1.53452161300562,5.30744543008264,5.84936989292004,4.33975033653404e-08,4.5295879001312e-07,7.89675599042373
"CLDN14",1.80828968699089,8.42269941271074,5.84820866287702,4.36339373737596e-08,4.54981803035467e-07,7.89146146768958
"IL2RB",1.51325242224994,9.36001939903306,5.84322280843111,4.46635386378935e-08,4.64131322439035e-07,7.8687355423878
"MICA-AS1",1.55029132080426,6.04215231357025,5.84086191666848,4.51593553147226e-08,4.68827434489986e-07,7.85797816003392
"ZBTB44-DT",1.27092307367583,10.0595984989256,5.8365607090535,4.60765856913482e-08,4.77189858117721e-07,7.83838595140854
"SLC51B",1.17279534747336,7.38241108329752,5.82006010407621,4.976802494742e-08,5.11451478706523e-07,7.7632993989813
"CASP4LP",1.3059330569188,6.05394395480992,5.81913115739101,4.99842595560116e-08,5.13193256528441e-07,7.75907571782874
"LOC102724030",1.45833282313176,5.38723210329752,5.80916865939378,5.2362013960084e-08,5.35275638160648e-07,7.71380247029438
"ST6GALNAC2",1.35922498348186,6.03618572187603,5.80551072011879,5.32626228457233e-08,5.426037174116e-07,7.6971903322603
"LOC105373170",1.18590716101185,5.02156620321488,5.80476180260356,5.34488768358327e-08,5.44042309260823e-07,7.69378992561957
"ZNF549",1.0951063455718,4.66523297701653,5.79787071060487,5.51929406659778e-08,5.60458986173065e-07,7.66251293922616
"ALG8",1.50305438881552,11.3224674467438,5.7874445153196,5.79383415838442e-08,5.86385442901892e-07,7.61523057750834
"TMEM91",2.2048821388178,10.5813438858678,5.78694934431663,5.80720086106941e-08,5.87181696913529e-07,7.61298618564225
"EPYC",1.26554405672845,7.93523581639669,5.78385955737706,5.8912928272844e-08,5.95120900315318e-07,7.59898398016758
"BRICD5",1.2674387570814,7.38124668632645,5.78244039328261,5.93031615131233e-08,5.98254681410655e-07,7.5925540624023
"PCDHB7",1.39909919809725,5.83590736610744,5.78207165224514,5.94049700038602e-08,5.98780539270354e-07,7.59088352370403
"NMI",1.18361428326408,7.77336134519835,5.78203389454833,5.94154044820361e-08,5.98780539270354e-07,7.59071247019798
"RHOBTB1",1.24120727214533,5.10380141230578,5.75663668684002,6.6857130771271e-08,6.6810202509148e-07,7.47579823681498
"GNPDA2",1.62990907459896,4.13659527413223,5.71751598522704,8.0142065480371e-08,7.91231534134685e-07,7.29935023941753
"TYROBP",1.22482748286872,7.74649661861983,5.71405908338019,8.14334041245995e-08,8.02126542933959e-07,7.28379131339459
"FUNDC1",1.1441095505752,3.96866259503306,5.70369765375328,8.54273705201047e-08,8.37757634246363e-07,7.23718845486229
"KRT1",1.22714542370471,6.57685842187603,5.69543516871815,8.87493108839713e-08,8.68579988050966e-07,7.20006071828729
"MYH9",1.44359855354804,5.74881143505785,5.68938990229692,9.12596968435724e-08,8.90292748330054e-07,7.17291564325722
"NPY",2.77432137484216,6.72568840052066,5.67738756095881,9.64518158660135e-08,9.36240239917599e-07,7.11907050584434
"BTBD10",1.759026421621,6.28279654079339,5.67208681144725,9.88360168318109e-08,9.56773861941669e-07,7.09531097602528
"MRPL36",1.74325349153391,4.87765660473554,5.66079103136378,1.04110980062715e-07,1.00555856139271e-06,7.04472256285673
"GRTP1",1.80176964278982,7.49772211498347,5.65821759362654,1.05350782015202e-07,1.01707321425617e-06,7.0332054909761
"CYBC1",1.26310396100505,6.60113601015702,5.64886891989997,1.09977601309136e-07,1.05553783189061e-06,6.99139220759038
"IL12A",1.06488434697734,5.60503848475207,5.64863126140857,1.10097780389837e-07,1.05574229915805e-06,6.99032976650995
"IAH1",1.88048859263626,8.03131236339669,5.64792292877322,1.10456733544397e-07,1.05870895190332e-06,6.98716335212181
"SNHG6",1.37881043239302,9.36328435426446,5.6412205770069,1.13910452031057e-07,1.08839270833254e-06,6.95721362321447
"F13B",1.07941678450166,5.60885159109091,5.63277410119507,1.1841387476504e-07,1.12990540465033e-06,6.91949953574115
"HLA-DPA1",1.29003186794754,6.38476742826997,5.60782620215768,1.32758113012901e-07,1.25278369570946e-06,6.80829715662185
"MEX3D",1.26128182839381,6.54349038276584,5.60461735521609,1.34722381486448e-07,1.26963656515583e-06,6.79401495022763
"SALL1",1.19348205823638,6.99818518500413,5.5738690097695,1.55047216546305e-07,1.4483960233361e-06,6.65739998447549
"MED29",1.22820860744169,8.18667866786777,5.56871571465525,1.58735419065123e-07,1.47961365086674e-06,6.63454698262245
"KIFBP",1.21671867952935,9.21054865128926,5.56436461143887,1.61916254778204e-07,1.50728928543528e-06,6.61526108144635
"ATRIP",1.48837485981275,5.78404699555372,5.55106245565403,1.7203257139254e-07,1.59520432570026e-06,6.55635540972122
"LINC01503",1.14694231094169,8.47040305521488,5.5383160578533,1.82305397042233e-07,1.68606832128059e-06,6.49998880245849
"LOC105374325",1.19657148712497,3.73251611869421,5.52166256598242,1.96635718241732e-07,1.81062658121296e-06,6.42645988873136
"HOGA1",1.22202591879012,5.00403718830579,5.51379357409138,2.03784886126731e-07,1.87094851385913e-06,6.39176218998126
"TNFSF13B",1.59451829406926,5.51014223331818,5.51013604130026,2.07193819521109e-07,1.89572579943156e-06,6.37564459133896
"LINC00879",1.21072371584839,4.40741172364463,5.4972887627185,2.19615818945426e-07,1.99740026132009e-06,6.31908109368968
"GEMIN4",1.08131930233508,6.66618891194215,5.49671561564867,2.20186647055827e-07,2.00003651547307e-06,6.31655949612122
"ZNF708",1.64320435333254,5.99311836749587,5.4853189868028,2.31843262827031e-07,2.09611044778631e-06,6.26645185488651
"KHNYN",1.16286336910404,5.06929925855372,5.47632077770686,2.41471186880068e-07,2.17854549886939e-06,6.22693325376627
"TMEM42",1.21776037563118,6.21146930109917,5.47401830908436,2.43996955863062e-07,2.19947445861363e-06,6.21682743953109
"LOC105376031",1.28962659619735,6.64668711070248,5.4600957210407,2.59829480670737e-07,2.3333299241899e-06,6.15577377007301
"PIR",1.69776910336706,4.18813628033058,5.4448534258802,2.78315259948447e-07,2.4847083512538e-06,6.08903996832507
"RCOR2",1.86213479822509,4.4820500551405,5.42125087255532,3.09504575314168e-07,2.73457600572364e-06,5.98592518308117
"MS4A6E",1.85156769229296,4.61534403339669,5.40844452475143,3.27831269560775e-07,2.87981767234486e-06,5.93009020320406
"ZNF273",1.06923219211846,5.05107049002893,5.3954485661296,3.47512389410914e-07,3.04019953947975e-06,5.87351041885463
"ARHGAP17",1.78465477559613,5.26657706723141,5.36767152012576,3.93527535830961e-07,3.41478282310856e-06,5.75285692616188
"OLFM4",1.00106396944507,8.54773131371901,5.3642698333676,3.99556456942297e-07,3.46287667938424e-06,5.73810734841923
"DPAGT1",1.05832614337553,5.36734819095041,5.36316517349008,4.01533619076837e-07,3.47860058230664e-06,5.73331881706952
"CENPK",1.03664484965099,3.58956608657851,5.35705299384518,4.12647379167917e-07,3.56331774449287e-06,5.70683436136396
"VDAC2",1.16817486390378,9.18156647669421,5.31678859278228,4.93742672492928e-07,4.18241760058964e-06,5.53282984172492
"ZNF35",1.43513041864589,5.96830147752893,5.31668109600496,4.93978738459595e-07,4.18275811253158e-06,5.53236637124344
"MCCC1",1.01907418727542,4.84459405119008,5.31259867844798,5.03025857854404e-07,4.25093676077594e-06,5.51476938002298
"POM121L10P",1.08699632929236,8.12410836904132,5.29438510857864,5.45399156475047e-07,4.57642396327098e-06,5.43636282170522
"INTS8",1.2490963379253,6.1575948378843,5.28203707320358,5.76087703317939e-07,4.81689620374103e-06,5.38330138485188
"SMARCAD1",1.14031879182971,6.04937781099174,5.27338188961513,5.98596434462112e-07,4.99050590872309e-06,5.34615458710645
"NAT8L",1.16233522025392,5.8869766126405,5.27333507146455,5.98720493474528e-07,4.99050590872309e-06,5.34595375337413
"RMI1",1.49123472314533,4.71605190161157,5.27042257882032,6.06487560717459e-07,5.04540002303129e-06,5.33346234493219
"ACR",1.24049950018717,6.11908414420661,5.26497730289778,6.2127369788714e-07,5.1643829577189e-06,5.31011959243292
"NLRP2B",1.04521923687441,4.39249358471074,5.26165599244991,6.304644907886e-07,5.230601865109e-06,5.29588921496583
"CGB3",1.07555179353784,6.86742760650413,5.25962827020309,6.36140720275674e-07,5.26950546217495e-06,5.28720405533629
"LINC01416",1.46883536724149,4.43693951065289,5.25613665563849,6.46031909299849e-07,5.345219458775e-06,5.27225363198328
"SLC6A20",1.02173146843182,3.98728827144215,5.25535784364294,6.48258541765734e-07,5.35948941517896e-06,5.26891975358885
"MRPS33",1.37115179939166,4.18699331237603,5.25023177241097,6.63101987607836e-07,5.47161628491706e-06,5.24698416007881
"CNGA3",2.8843688183925,5.99419807787603,5.24618831588459,6.75043975681398e-07,5.56800467388036e-06,5.22969075114108
"WDR31",1.12186702134357,5.38241364204132,5.24604358860086,6.75475281111236e-07,5.56941105333222e-06,5.2290719232182
"BALR6",1.54831922868945,5.58483998871901,5.23940126697724,6.95562168585589e-07,5.71957262616297e-06,5.20068204051424
"GBP3",1.09949183539873,3.90505241264463,5.23290867458882,7.15758854663525e-07,5.86757402738563e-06,5.17295388154569
"APOM",1.23174352400165,7.9338876651405,5.23200355043052,7.18619493029108e-07,5.88199282239808e-06,5.16909004485697
"ILRUN",1.05241681337817,5.44875452026171,5.22050325945996,7.55951442954514e-07,6.17100270041806e-06,5.12003357855193
"RNF181",1.70820898185066,4.11775291438017,5.22032816653932,7.5653419378611e-07,6.17339996496079e-06,5.11928721346257
"SGCB",1.09141635439403,7.92399390596901,5.21721500026049,7.66968993926994e-07,6.25138277301945e-06,5.1060194083284
"SPRR1A",1.22519827961505,7.45270830939669,5.21657441774127,7.69133462682688e-07,6.26663300098771e-06,5.10328996762798
"CHGA",1.9470216894575,10.2212543243388,5.20872135216994,7.96157236663683e-07,6.4744622197079e-06,5.06984618947649
"SPAG17",1.04880872470131,7.51248290733058,5.20741629384154,8.00736992806939e-07,6.50922667734761e-06,5.06429142269349
"SPATA31C2",1.17817774056499,7.91685546063636,5.19583293947207,8.42527623261895e-07,6.82297208750769e-06,5.0150272284455
"INHBC",1.22710196185065,4.26420384264463,5.18677546950608,8.76679623072213e-07,7.07005035902836e-06,4.97655390699757
"ARHGAP22-IT1",1.25367755866654,5.11407881024793,5.17952303310741,9.04995067612541e-07,7.2791599506086e-06,4.94577840549515
"SLC31A2",1.20154603117754,9.1042384656281,5.17324732494967,9.30215004983498e-07,7.45114082198898e-06,4.91916962478493
"FTH1P5",2.09250117482573,9.04727084952066,5.16191649149517,9.77495751281424e-07,7.81228359603848e-06,4.87117910384442
"MMP20",1.06409224051637,4.89486780944628,5.15875863175514,9.91084774314077e-07,7.90954966437433e-06,4.85781623376562
"SERPINH1",2.981848047427,7.2336386497438,5.15761567358119,9.96048428458649e-07,7.94272374523318e-06,4.85298094693118
"GPR146",1.48834580876976,6.28166423529752,5.15391908696542,1.01226845772028e-06,8.06303353771598e-06,4.8373471935829
"CCN5",1.0356289705503,5.67742819152893,5.1523729597842,1.01912869826487e-06,8.10860408027058e-06,4.83081036436103
"MRPS35",1.78436084038796,7.97935441652893,5.14796791215361,1.03892345639846e-06,8.23541589138424e-06,4.81219322612646
"PALD1",1.58850323330312,7.02638933732231,5.14606365010015,1.04759607213872e-06,8.29185104541231e-06,4.80414834487736
"MAP3K10",1.29291552145639,8.91336592208265,5.13298159904776,1.10911209247822e-06,8.72286073140517e-06,4.74893227468511
"SNHG18",1.65554593449431,5.28554999509091,5.12024256446369,1.17239035199938e-06,9.18429786021521e-06,4.69525025559211
"KRTAP9-4",1.80092777255031,5.23771742823967,5.11580846253808,1.19523013503739e-06,9.34607818884052e-06,4.67658506556166
"TAS2R7",1.08491380587833,7.99567873109091,5.11544151887381,1.19713953714256e-06,9.35532746424095e-06,4.67504089348312
"SAPCD1-AS1",1.70176536392417,6.49564331132231,5.11260228103638,1.21201436060693e-06,9.45309228296601e-06,4.66309521317222
"TAS2R1",1.33028720001807,4.59700859452893,5.10703463141524,1.24170778597938e-06,9.67055790284083e-06,4.6396824783897
"PCDHB1",1.23147435769679,5.16257898094215,5.09171369761668,1.3271218496794e-06,1.02572157437219e-05,4.57534038727701
"IL36RN",1.65433860721262,6.82510279795041,5.09119580682244,1.33010684832311e-06,1.02728505410271e-05,4.57316761399839
"TMEM106A",1.11386845610673,5.0379699503595,5.0831266170469,1.37746889674517e-06,1.06079510602211e-05,4.53933228844543
"IGBP1",1.19226985080426,5.97344645867769,5.07231745565072,1.44349336420217e-06,1.1084430346112e-05,4.49406205147648
"MAP3K5-AS2",1.17396711528277,4.92819447298347,5.07096733833018,1.45195350909852e-06,1.1143680631967e-05,4.4884119444497
"RAMP3",1.36824162133874,8.40413012131405,5.06299493088791,1.50290324697514e-06,1.14951643406712e-05,4.45506801790457
"FAM9C",1.50304822746434,4.75844750580165,5.0520657007536,1.57558616406238e-06,1.20252475102044e-05,4.40941257545686
"TATDN1",1.34770799022621,5.43682802387603,5.0511427294133,1.58187853749764e-06,1.20646486315222e-05,4.40555990736163
"E2F5",2.18397094840663,7.68160543218182,5.05093392918973,1.58330542516848e-06,1.20712200480089e-05,4.40468839646492
"RIBC2",1.7202349827822,6.05724335593388,5.04962178086979,1.59230102452158e-06,1.21354705134398e-05,4.39921215710753
"SDF2L1",1.59027262177712,5.13714332538017,5.04461537440275,1.62708222627639e-06,1.23608470089407e-05,4.3783264373487
"KCNAB3",1.18632525809499,4.36283645256198,5.03714812597992,1.68033726428979e-06,1.27382329708585e-05,4.34719955795379
"LOC100240735",1.31493376768095,6.42874785452066,5.03061104202013,1.72834783384458e-06,1.30697124616682e-05,4.31997461395761
"PBX1",1.25183609039151,4.88361691408264,5.0270070540988,1.75538476355521e-06,1.32605954925864e-05,4.30497494318292
"CELP",1.28187149554523,3.81899652905785,5.02590151201007,1.76376064002083e-06,1.33186380720102e-05,4.30037511766199
"TVP23B",1.22618534486251,6.10022290643802,5.02472835797226,1.77269128189465e-06,1.33766156624948e-05,4.29549469935443
"LINC01613",1.37001956605538,6.89395887438017,5.02397552337418,1.77844539657265e-06,1.34105584194241e-05,4.29236323549166
"LSR",1.06665844456387,5.68412762895868,5.02313923975758,1.78485863822161e-06,1.34494199785542e-05,4.28888501819866
"TSPAN33",1.7301483283263,9.55493086709917,5.02275746572677,1.78779383852063e-06,1.34667856866343e-05,4.28729729341766
"OR52A1",1.38019483403671,7.61572961272727,5.02185556045479,1.79474663594493e-06,1.35096279205513e-05,4.28354675491635
"ADORA2B",1.21050698893152,4.9545305061405,5.01153921965859,1.87617053714038e-06,1.40679851898289e-05,4.24067787419125
"NSG2",1.0396399835633,7.42339772861157,5.0054230601875,1.92612844675679e-06,1.4422325729485e-05,4.2152897296043
"CCR6",1.37776858615212,5.26845884264463,4.99938003032766,1.97675868055874e-06,1.47691724184291e-05,4.19022503653409
"GAPDHS",2.23595268658878,5.07140178647934,4.98955188619799,2.06187818367867e-06,1.53473017122544e-05,4.14950311513359
"MEIOB",1.36866200495302,5.42166331882645,4.98832763786911,2.07272759134696e-06,1.54119421007013e-05,4.14443424054444
"LOC105377844",1.1451339975435,7.84547355908264,4.9716417213204,2.22625038707692e-06,1.64503726699057e-05,4.07542925647982
"TOMM6",1.20405502588797,5.46892640700826,4.96688960527143,2.27195926289691e-06,1.67533460149045e-05,4.05580455350959
"LOC100506851",1.04106430472959,6.97791907089256,4.96091497558172,2.33072298713451e-06,1.71511334907848e-05,4.03114877928866
"NRDE2",1.00735998986214,5.4135318645978,4.95680506161415,2.37200114795265e-06,1.7430861842577e-05,4.01419955234072
"SPACA4",1.1342363348925,5.56215560535537,4.92550693368583,2.71051795663419e-06,1.96881329809262e-05,3.88543076147455
"RNF183",1.57512145334781,6.35180597533058,4.92390133282115,2.7290946421937e-06,1.98095907831565e-05,3.87883944140737
"BPI",1.19506879308366,6.62070626460331,4.9095686662525,2.90049599885365e-06,2.09478071684011e-05,3.82006405442933
"PTH2R",1.10048784330256,6.34143509255372,4.89933344292642,3.02925003378083e-06,2.17558944709335e-05,3.77816111004417
"CYP20A1",3.03819925035515,8.44734686775207,4.8977230103125,3.05000744577188e-06,2.18860581332186e-05,3.77157330343202
"SLC27A2",1.15706109162835,6.24478962482231,4.8897455723275,3.15488523436402e-06,2.25552642048355e-05,3.73896121272496
"BMP15",1.04282817092473,6.35525662952893,4.88374323811566,3.23609712386844e-06,2.30894935115973e-05,3.71444678366995
"YBX2",1.13374906048808,5.59492800952066,4.87805289884742,3.3149598753161e-06,2.35841586779689e-05,3.69122513806663
"P3H3",1.20584610899203,6.92936742392562,4.86771183840619,3.46308024931117e-06,2.45531469867331e-05,3.64907071319386
"PHYHIP",1.52762879213686,3.77115251723967,4.85700640789144,3.623182596786e-06,2.56371982618837e-05,3.6054940250221
"DUSP8",1.09228576893606,4.05255790330165,4.82591826782361,4.12990793429872e-06,2.8690365626854e-05,3.47931421744301
"NANOS3",2.10940927105823,5.4053683445124,4.82503883138898,4.14519882539077e-06,2.87778676580689e-05,3.47575270917302
"ZNF543",1.07988516807009,6.84187323164463,4.8220056977057,4.19835890531976e-06,2.90807507048665e-05,3.4634725952223
"ITGAE",1.95094024618432,9.1544602397438,4.8218364888765,4.20134393284469e-06,2.90919908190332e-05,3.46278768020079
"DBNDD1",1.37065327110743,5.88104839778512,4.82059570644701,4.22329567338121e-06,2.92250418357277e-05,3.45776579826714
"SLC35A5",1.09037980717418,4.40665955590909,4.81320860585723,4.35630864957456e-06,3.00287189191946e-05,3.42788565614935
"TBL2",1.06450133712045,3.9361247262562,4.81184818495323,4.38124371035578e-06,3.01908549321226e-05,3.42238625096573
"ASAP1-IT2",1.19147050650054,3.75679651723967,4.80526053230001,4.50395978075987e-06,3.09765092167881e-05,3.39577098639016
"MRGPRF",1.05862410460912,6.39021974121488,4.80301932154304,4.54646453159638e-06,3.11985058072753e-05,3.38672172278469
"RNF125",1.06906058036224,5.03720090933884,4.80288162801344,4.54908854712299e-06,3.12064843956992e-05,3.38616585518115
"C1orf210",1.44230973354069,4.74263879081818,4.79959539693295,4.61215164321471e-06,3.1608632330183e-05,3.37290256683774
"LINC02610",1.0000242640865,4.96436805931405,4.79043304516939,4.79248806847094e-06,3.27185366695003e-05,3.33595560318644
"EDNRB",1.05306312266699,7.20827036341322,4.78469609371835,4.90886576602796e-06,3.34488922889365e-05,3.31284584049789
"LINC00523",1.0524351106589,4.77967081275207,4.77418168276037,5.12930958584792e-06,3.47734622875499e-05,3.27054015657261
"USP5",1.08680980048243,5.73355820687603,4.77276538486248,5.1597272393662e-06,3.49463923871441e-05,3.26484638492188
"LINC01537",1.3073805459287,6.11003507833058,4.76708521033696,5.28348608293354e-06,3.56827467745243e-05,3.24202260473858
"LOC101929645",1.71113965994737,4.61119794178512,4.75822466642537,5.48230303647483e-06,3.68390753127502e-05,3.20645656286182
"PRKACG",3.22698710306955,5.8568955166281,4.75484867345081,5.55994698251011e-06,3.73490619098784e-05,3.19291725450092
"TMEM88",1.31231465932407,3.81158521512397,4.75430699728002,5.57250371583438e-06,3.74216405193847e-05,3.19074548986565
"LINC00106",1.57638076904466,4.5022970611405,4.73633423944332,6.00507618717796e-06,3.99745642073521e-05,3.11878234557721
"LINC00472",1.26108777154266,5.72633981077686,4.735087479138,6.0362612324289e-06,4.01080000918802e-05,3.11379720940045
"ZNF667",1.65310444712242,5.52544732369422,4.73281139664705,6.09359772985647e-06,4.04503511100668e-05,3.10469867252321
"FAM83C-AS1",1.16434230770469,8.08930380815702,4.73265374776033,6.09758852164665e-06,4.04642644126054e-05,3.10406858904027
"LOC101929050",1.41296360232915,5.70203693777686,4.72709248508216,6.2400002227033e-06,4.13585833954857e-05,3.0818507936686
"FAAH2",1.34423476844904,6.81653773381818,4.72526551780897,6.2874840470038e-06,4.16326363581892e-05,3.07455578169223
"RCAN2",1.00436346370414,6.50926227619835,4.72058169122284,6.41082362894246e-06,4.23455424052169e-05,3.05586226403601
"SDR39U1",1.01840304562721,7.32667984187603,4.71734528836007,6.49741384130359e-06,4.28777109335718e-05,3.04295295235876
"PPBPP2",1.00718373868662,4.99650932261157,4.7155298403542,6.5464811254162e-06,4.31615018318193e-05,3.03571418112757
"LOC100506639",1.2891716805814,6.11209304738017,4.71144373707933,6.65823535772258e-06,4.3844161598571e-05,3.01942857697801
"SLC10A4",1.37069431311083,4.98511420638017,4.70886514192266,6.72970802775583e-06,4.42329685850187e-05,3.00915629704705
"SPINK5",1.04565243692982,6.61135914406612,4.70186516903231,6.92749748585535e-06,4.5393282850703e-05,2.981290176901
"GALNT17",1.33365713745527,7.54414675544628,4.68534052654678,7.41699952446214e-06,4.82308236433889e-05,2.91562058036387
"DUX4L8",1.73777354151127,6.25597742722314,4.68451299614324,7.44237384376261e-06,4.83663704910379e-05,2.91233612976504
"SERTAD1",2.10014853393493,5.39804133109917,4.67693107534608,7.6788019201382e-06,4.97363709446622e-05,2.88226228126427
"CNN1",1.09469988626239,7.41469763514876,4.67302564497701,7.803406128204e-06,5.04669103173218e-05,2.86678443325152
"BIN3-IT1",2.68850006222113,5.43404160498347,4.66337033058061,8.1199206134984e-06,5.23553456223606e-05,2.82855723467836
"LRRC4",2.36542025888685,5.7986507338595,4.64985546538171,8.58389965796557e-06,5.50312750512923e-05,2.77514129153652
"ZNF311",1.00082373019284,5.00028367370661,4.64948869346914,8.59684218505874e-06,5.50977085419956e-05,2.77369316546399
"AMZ2P1",1.40695976451693,5.77660167460331,4.64850455644572,8.63166345836428e-06,5.53042823742482e-05,2.76980788731303
"CHKB",1.09599530480592,8.76329972497521,4.64561277754025,8.73477338053496e-06,5.58309145589117e-05,2.75839472428154
"GALNT11",1.37215632979975,4.13212303194215,4.640618656195,8.91565740971226e-06,5.68849309783105e-05,2.73869572440266
"NWD2",1.51357976241287,5.12915067678512,4.63921583506447,8.96711521133285e-06,5.71551436069242e-05,2.7331650309443
"LINC02172",1.34007602138796,7.18240953071074,4.63195660871518,9.23801928878357e-06,5.86787334657862e-05,2.70456372915161
"LYSMD1",1.03550110111195,6.0021039035124,4.62762624192822,9.40337433594737e-06,5.96580686108604e-05,2.68751694698704
"STK39",1.0375879680848,4.97198177671074,4.62311541634587,9.57866318922832e-06,6.06440416264366e-05,2.66977157797697
"UBL4B",1.10755973537837,3.52883348507438,4.62106937690098,9.65920932289634e-06,6.1117752619393e-05,2.66172653120201
"HS3ST6",1.32591939722904,5.7405761585124,4.61367273189538,9.95589191183946e-06,6.2808883833776e-05,2.6326635585848
"APC2",1.38608624400842,8.79072246041322,4.61277937012015,9.99231591609171e-06,6.30014485940769e-05,2.62915554978665
"PRPS1L1",1.37112083388285,7.93179206209917,4.60477253508322,1.03245735973627e-05,6.49620710582441e-05,2.59773587578643
"PPP1R2C",1.54090707284214,8.47355089619835,4.60269134878125,1.04126700593083e-05,6.54199967980373e-05,2.58957532095531
"SNORA72",1.24160405671823,11.7267656849917,4.59141332271027,1.0902852738022e-05,6.82787156071728e-05,2.54539783648493
"MED15",1.31118878452993,7.99661724138017,4.5841682269221,1.12294384994421e-05,7.01593502503177e-05,2.51705788579264
"MPND",1.22760691442756,5.90724448647107,4.58263455357533,1.12997741958859e-05,7.05162705882942e-05,2.5110627834639
"CYP11B1",1.64873464374319,4.47234739160331,4.56531581828936,1.21241690929059e-05,7.51994281089181e-05,2.44346186308983
"ADCK1",1.10959722366568,5.97060292173554,4.55163435685539,1.28162208000644e-05,7.90099293260321e-05,2.39018570000284
"GBP4",1.00357526943747,4.49717383658678,4.54590332947899,1.31173187696436e-05,8.0656591513314e-05,2.36790231548316
"IL10",2.12121501481105,7.04887347640496,4.53623004580301,1.36410991200906e-05,8.36844790892084e-05,2.33033556954014
"ERV3-2",1.07046174325166,5.51491328013223,4.53552856175548,1.36798580211484e-05,8.38981527977093e-05,2.3276135130821
"L3MBTL2",1.14510747891002,7.48043371864876,4.53069982495114,1.39495591527551e-05,8.5307226720242e-05,2.30888402965288
"TSR2",2.13733397226468,4.60265071835537,4.52156146419158,1.44740866540262e-05,8.82369741640675e-05,2.27347718352575
"TOP2B",1.04635350067077,7.52360925471901,4.49816598810719,1.59051883743935e-05,9.60292049010951e-05,2.18306160519309
"SIGLEC17P",1.08898820050902,4.87119511281818,4.49318447620879,1.62270772981713e-05,9.78343409662474e-05,2.16385274886119
"C20orf96",1.00349214019171,5.30800584268595,4.49001357353934,1.64352351063332e-05,9.90054853866699e-05,2.15163353603245
"RUNDC3A",1.01131976973751,5.8924255877438,4.48585261311147,1.67122983530112e-05,0.000100476106792949,2.13560840138878
"BZW2",1.29032014559894,7.14520538539669,4.48052920109406,1.70733414692166e-05,0.000102444846045271,2.11512173004516
"HTR1E",1.08836881309215,6.65207877195041,4.47369580149287,1.75478361114759e-05,0.000104996929156785,2.08884941051252
"TSPAN8",1.39297731310062,7.82118001647934,4.45996958395428,1.85396834045432e-05,0.000110436524157327,2.03616278570858
"METTL23",1.17676759502315,5.83862263489256,4.45303230951857,1.90613197393949e-05,0.000113164993893461,2.0095788019117
"TENT5C-DT",1.16635044842925,7.0947897102314,4.45264261375223,1.90910382661589e-05,0.000113309928341808,2.00808634604644
"DBNL",1.27526605669,6.99940039753719,4.42882677464539,2.09945473590526e-05,0.00012374787713292,1.91705414521909
"ODAD4",1.15872120590608,4.15610667946281,4.41788214336959,2.19294675833759e-05,0.000128690239143444,1.87533758917536
"WDR46",1.418422849539,5.14568158590083,4.41183589184089,2.2463027765518e-05,0.000131388101323647,1.85232352762607
"VSTM1",1.08430011110348,5.52015957319008,4.41104882933276,2.25333966300618e-05,0.000131727534912392,1.84932937223978
"CEBPA",1.06656218802709,7.86037488447934,4.40198275627247,2.33594354496986e-05,0.000136258056276513,1.81486782175196
"LINC02882",1.13692798760801,3.68337825728099,4.40049125895848,2.34980953322134e-05,0.000136954646784776,1.8092033037989
"HSD17B3",1.05137926661083,4.69795119442975,4.37309106073138,2.61910207881839e-05,0.000151001417098182,1.70538756823458
"HOXB2",2.12597084536704,6.92932276700826,4.37069742966734,2.64398963681739e-05,0.000152354016983905,1.69634069423537
"NPTX1",1.49092574688343,8.75811165735537,4.36826950735407,2.66946626877163e-05,0.000153532055398918,1.68716787973845
"DGCR11",1.02033381107745,5.87034648234711,4.36658914456804,2.68723683559477e-05,0.000154346268488774,1.68082154583193
"CIAO3",1.50356193301015,4.47259064595868,4.36536272271398,2.70027861635101e-05,0.000154970303284536,1.67619075691271
"MED15P9",1.00120457229579,3.53004709221488,4.36188979901331,2.73754114099285e-05,0.000156645742405955,1.66308262344524
"DYDC2",1.42317031183878,4.30018006777686,4.35969337444362,2.76136253780029e-05,0.000157881919664592,1.65479638855193
"RPL6",1.03578011506331,4.94212250968595,4.35493878008046,2.8136140130312e-05,0.000160482711667418,1.63686957233555
"AUH",1.58094367536477,7.86446718833058,4.33613537336425,3.02973544296323e-05,0.000171436143043137,1.56611214034128
"DCLRE1B",1.37533907011873,6.73607753430992,4.33408381545949,3.0542596694679e-05,0.000172549511220865,1.5584055840136
"ADAMTSL2",1.22925181581897,5.28616089466116,4.32996291517715,3.10409909867431e-05,0.000175133517178837,1.54293369269909
"OVOL1-AS1",1.19658955158536,6.8054477992314,4.32960870872472,3.10841930725562e-05,0.000175284643006189,1.54160432754247
"ZNF497-AS1",1.34803028368604,6.65131667302479,4.32671298064043,3.14395571257579e-05,0.000176858197647407,1.53073940136502
"OSBPL2",1.22734193130286,4.5115754916157,4.2951740829208,3.55719386221396e-05,0.000197485973714636,1.41274770559967
"C20orf144",1.37502301648357,4.90103463193388,4.29351028090529,3.58038501845979e-05,0.000198646718808025,1.40654071438008
"RNF185-AS1",1.15908936589532,6.27392058755372,4.28717541772308,3.67002184498175e-05,0.000203250302125481,1.38292396223436
"ABHD3",1.26763825529461,9.06801735977686,4.28425966817711,3.71200025603099e-05,0.000205415303103244,1.37206246577339
"VENTX",1.48230197358819,7.91719363692562,4.27978396262586,3.77733674864923e-05,0.000208598464617027,1.35540050739112
"HINFP",1.28715256416004,5.0443500618843,4.27186108862645,3.89571440361883e-05,0.000214449441476471,1.32593694452644
"AACSP1",1.30681551279463,7.2380103284876,4.2707655445695,3.91236112964459e-05,0.000215164748708628,1.3218659954508
"FAM209B",1.7496775837477,5.69657190842149,4.2600617410807,4.07864190468138e-05,0.00022333178942172,1.28213198181696
"CCDC112",1.23178148147904,5.39167794892562,4.2545200314635,4.16737754325303e-05,0.000227911845511563,1.26158922509298
"IGKV1OR1-1",1.2169959921719,6.86625584423967,4.25359672885398,4.18234084348784e-05,0.000228599663968986,1.25816851713502
"GNA14-AS1",1.04081840038513,6.43223159650413,4.25264663263986,4.19779223841475e-05,0.000229385499619618,1.25464911381863
"HDHD5-AS1",1.29460345325166,6.06863240708264,4.21666312995625,4.82507571893979e-05,0.000260135046649733,1.12178450166649
"LINC00597",1.04040215478219,6.57956601004132,4.20074412127089,5.13043859356375e-05,0.000274587759813418,1.06327236991883
"ALX1",1.08292126017983,4.76660123765289,4.18539779613478,5.44231360514931e-05,0.000289826950219361,1.00702087049051
"MARCHF10-DT",1.11739972005313,5.59615027597521,4.1848047128177,5.45472430670292e-05,0.000290415451432662,1.0048500149302
"HDC",1.38059501932633,4.66054306757851,4.18264707310996,5.50010390931027e-05,0.000292612653172199,0.99695436503594
"CHRAC1",1.15976668006897,4.42513788935537,4.16736359692047,5.83207074472623e-05,0.000308505996417212,0.941113016729281
"RIOK2",1.22904824947504,8.29059867792975,4.15531627815253,6.10720140722148e-05,0.000321244410763579,0.897203178418138
"HMGB3P1",2.43664748116457,4.98909750579339,4.13645488195127,6.56308764107626e-05,0.000342928154086576,0.828648520559822
"PRICKLE2",1.02514957821995,9.74103956069422,4.13013380070879,6.72303662839356e-05,0.000349830524364874,0.805725857523141
"MAB21L1",1.54207013810403,6.00986178947934,4.1285568061172,6.76351926656648e-05,0.000351765596535624,0.800011169099699
"C11orf52",1.93854049321151,5.61583477741322,4.11518669393611,7.1162497703878e-05,0.000368495426398233,0.751626616817946
"KRABD1",1.17554007524259,8.09406384115703,4.09301364291224,7.74036974614781e-05,0.000397727612918639,0.671645807999206
"DBIL5P",1.63278249726411,5.03747143319835,4.08434678951787,7.99829035403408e-05,0.00040979724210748,0.640472001772117
"TRHDE",1.21880793732348,6.85645812170248,4.07058035024452,8.42495557825012e-05,0.00043021264077841,0.591058117984167
"DLGAP1-AS6",1.20068381319115,4.576532863,4.06652786741937,8.55464782188988e-05,0.000436105285835422,0.576535989734307
"SURF2",1.15747931302598,6.38087436916529,4.05780991117286,8.84015407747213e-05,0.000448838540952015,0.545332199266818
"NOSIP",1.37547727344959,8.94154503243802,4.05296964148117,9.00258068728525e-05,0.000456434260629099,0.528029548548632
"FPGT",1.03794800545017,7.78861029031405,4.03977376861106,9.46002366699445e-05,0.000477585828389282,0.480937484518407
"RPL10L",1.96513370108481,5.86960515705785,4.03548242320845,9.61351524403454e-05,0.000484418636234917,0.465648111195526
"FGR",1.49446061566457,4.08495083956198,4.03413382481994,9.66224117235035e-05,0.00048630016553274,0.460845822851223
"LRRD1",1.41371368468718,5.09454313354545,4.032938413645,9.70562962618635e-05,0.000488253758933356,0.456590046503185
"NPEPPSP1",1.00070495616371,5.54460726220248,4.03247322415121,9.7225643582789e-05,0.000488990489569114,0.454934187333449
"HBA2",1.19679888079464,5.48237620866942,4.02942178994224,9.83435088764626e-05,0.000493798643794229,0.444076096785343
"KRT10-AS1",1.07373647926919,6.1472564378595,3.99947590948192,0.000109985717148868,0.00054507890223116,0.337850408566319
"SLC16A9",1.89223796575732,6.40792364885124,3.98776507489238,0.000114887427166536,0.000566217633773686,0.296473684631851
"TNFSF9",1.13108403188569,8.37635085324793,3.97723206498013,0.000119473730267831,0.000585591138344879,0.259337772666218
"WDR97",1.29740789841568,5.82906214376033,3.9741894681293,0.000120830747432678,0.000591549887992858,0.24862458870573
"LOC102724159",1.00101962210121,5.84125848687603,3.97115286136729,0.000122199754651461,0.000597704022121379,0.237938763025431
"LINC02604",1.6335711980933,4.68546453220248,3.96096443908657,0.000126902027837637,0.000618744029739192,0.202131473225872
"PLLP",1.05036955382292,6.43645800058678,3.95833701551176,0.000128142385403964,0.000624339639585137,0.19290882736466
"COMMD1",1.13319401317362,4.07707999141322,3.94922749391274,0.00013253301051825,0.000644115257081756,0.160969480575063
"CFAP119",1.07682364308423,6.02033324703306,3.93649840959057,0.000138909170216198,0.000671284301870764,0.116434253943234
"TMUB1",1.01542621449658,3.5324189905124,3.91594528312046,0.000149826061217992,0.000718351041156313,0.0447591003410119
"GABRE",1.25982606180593,9.38358298660331,3.90591426944077,0.000155446495672541,0.000742473951059602,0.00988308540922489
"FGL2",1.06445534564672,7.44825003027686,3.90444969774257,0.000156283724274535,0.000745629788177545,0.00479682328062214
"LOC101927272",1.29231832791341,8.178565967,3.89874746555442,0.000159584542174187,0.000759511454898544,-0.014992203652608
"H3C2",1.06534777697282,4.45594899098347,3.89711275223984,0.000160543002296803,0.000763562542104282,-0.0206611827266228
"NECTIN3-AS1",1.23996526960121,5.36389818128099,3.88453120558689,0.00016810548208673,0.000796161581273478,-0.0642307256425676
"KLRC3",1.64898645145698,5.3860220472562,3.85963118320248,0.000184083940418153,0.0008603879508929,-0.150136215924672
"MTFP1",1.50889140285404,5.13866119742975,3.83372893835919,0.000202234210729571,0.000931760856554474,-0.239042734858387
"IGLV3-25",1.19025749214248,7.47266084250413,3.83298849428014,0.00020277728305876,0.000933658663156496,-0.24157735699379
"FRMPD4",1.46143073975986,6.69272249902893,3.8286407572622,0.000205994181684932,0.000947244993514581,-0.256452425714741
"KIF21B",1.25223196002029,9.65355786009091,3.82371162662653,0.000209699945728477,0.000962213652993473,-0.273300676297112
"LINC01341",1.63555102043662,6.13142595383471,3.81634839904762,0.000215353962963476,0.000986038567556823,-0.298437282411821
"LINC00324",1.07360954844112,8.09453988734711,3.80800027636738,0.000221939504401307,0.00101336714057941,-0.326890237992465
"ADAMTS14",1.30366587896998,5.87856840208264,3.78696315687246,0.000239394305660741,0.00108611503138786,-0.398374403140856
"TRIM41",1.54347674063907,10.4537893133471,3.76858949050458,0.000255698754047474,0.00115029426852408,-0.460553476459302
"SLC17A2",1.02729334173411,7.94013750105785,3.76518639170057,0.000258832080775855,0.00116201551564328,-0.472043908891798
"CRYBB1",2.15089527326581,5.26808492854545,3.76076953270382,0.000262953182737596,0.00117924530401482,-0.486945064297748
"LOC100130691",1.19600582206105,5.26267647905785,3.73391506243676,0.000289381390820784,0.00128396833596049,-0.577246740240729
"MIR3976HG",1.03281968113459,4.85557576878512,3.69477114627902,0.000332453149330996,0.0014471131275914,-0.707954939585355
"DEPDC5",1.32502400864305,6.19771438779339,3.69078190828188,0.00033716864077576,0.00146346266743219,-0.721214257793045
"TIMP4",1.26653453076804,7.58032593986777,3.68708259836007,0.000341597979452467,0.0014790804645595,-0.733499738784555
"CPAMD8",2.23031125416455,7.16500021905785,3.68446925408927,0.000344760204503656,0.00149216744369185,-0.74217279685534
"NCK2",1.19479857202879,8.65932184984297,3.65103816698464,0.000387737750535455,0.00165967922683597,-0.852689804658176
"CLIP1-AS1",1.4670471416442,5.67908401442149,3.63712950471889,0.000407071227345573,0.00173513095009276,-0.898432140073483
"GRPEL1",1.07001905194877,6.6224419556281,3.63679513436048,0.000407547048390285,0.00173646592545382,-0.89953008584436
"H2AC11",1.36688062317926,5.49740769006612,3.63462443251246,0.000410648849720994,0.00174933297143264,-0.906655883658854
"LINC02388",1.12493096857237,4.49362725819835,3.63367525050432,0.000412012176712248,0.00175444068468396,-0.909770707845986
"RBMXL1",1.00461265900732,4.51924182882645,3.62645219534362,0.00042252787178743,0.00179207203615105,-0.933452440133178
"IGKV1D-13",1.05027861596487,8.48424089923967,3.62401519006821,0.000426132675584182,0.00180549694521241,-0.941433957742494
"LOC100996549",1.01851511870303,3.86939456020661,3.6194682889661,0.000432936282888087,0.00182931427009796,-0.956314159097527
"SPATA8",1.33807200504862,4.75257597203306,3.61862608381292,0.000434207706798386,0.00183323558297341,-0.959068716643009
"GPR157",1.52033426830738,5.00247680774793,3.61648229618531,0.000437459991042017,0.00184514282218097,-0.966077972079601
"TM4SF5",1.18170830066737,7.04689294180992,3.60440136538531,0.000456222328795323,0.00191633120208972,-1.00551499173874
"PORCN",1.41377064480537,7.76436546935537,3.59054535178834,0.000478676978804342,0.00200198990649864,-1.0506159201615
"CD72",1.0976343573789,7.8536091261405,3.57889082550105,0.000498368062206345,0.00207580455791233,-1.08844272461964
"CCDC184",1.0284636433235,4.17793866146281,3.57591706876163,0.00050351350811807,0.00209365979025361,-1.09807869357448
"LOC105376236",1.26654166282577,3.60692780490083,3.55934134114848,0.000533125209274091,0.0021957355533362,-1.15167110812473
"AMY2B",1.52487937315099,5.01513973702479,3.55707734018561,0.000537294999622198,0.002211203452868,-1.15897542720561
"FSCN2",1.1113094855401,7.68764988742149,3.55500981363513,0.000541129786421685,0.00222484146881692,-1.16564258013782
"PDZD9",1.02425428951073,3.5222851362314,3.54791731024361,0.000554481851373268,0.00227186491482658,-1.18848994306086
"WDR53",1.4936886100786,4.21965060004132,3.54467502300348,0.000560688585622643,0.00229496321643254,-1.19892215054131
"USH2A",1.04378537433197,5.22552029763636,3.54024992737867,0.00056926535727924,0.00232529871933783,-1.21314763184784
"TREX1",1.06723554148581,7.08797355520661,3.5379645824364,0.000573743129748812,0.00234224517984819,-1.22048875759423
"NAPSB",1.26287441652005,4.59708494369421,3.53525706161167,0.000579091059892501,0.00236136902501515,-1.22918105021178
"TBC1D2",1.25105483842247,6.94634689080165,3.53234167244976,0.000584902096635368,0.00238006560092384,-1.23853465588325
"KLHDC3",1.04342313442417,5.76268041214463,3.51943725542809,0.000611289868782672,0.00247096254928146,-1.27986141041738
"DCAF12",1.32698140125674,6.31761475142149,3.51674471079588,0.000616935380469799,0.00249283917690304,-1.28846887200852
"ZNF625",1.06487293669538,6.42232719497934,3.49083140496621,0.000673837060506605,0.00269192126527041,-1.37103387564194
"MACROH2A2",1.03520962270642,3.96357979520661,3.4829021291251,0.000692212770572914,0.00275838845224568,-1.39619873552926
"FCN3",1.00234223557009,6.52824586073554,3.48106130337032,0.000696545723513185,0.00277461927357285,-1.40203422252969
"HTN1",1.85503366882406,5.34772694142975,3.47380923274017,0.000713865259874922,0.00283620327900074,-1.42499905822409
"ZNF815P",1.24617271780711,3.40241227995868,3.44430177842903,0.000788599912324599,0.00310253336913998,-1.51803520185528
"TIMM8B",1.18068637747168,5.61584826077686,3.43528554083615,0.000812863800664451,0.00318800853318445,-1.54633346135085
"ARRDC3-AS1",2.1878158131148,4.83528743446281,3.42131193258286,0.00085185852614799,0.0033268055559027,-1.59007057701871
"ICMT-DT",1.09598564188289,4.24609533965289,3.38713613886374,0.000954756508697358,0.00367830150518349,-1.69642199350887
"FAM171A2",1.15034691009329,4.3573799373719,3.37314134862185,0.00100016643219499,0.00382564108177039,-1.73971817193871
"LMX1B",1.2132205143382,5.02525482779339,3.35882498307897,0.00104870886524704,0.00398348947302571,-1.7838559092762
"SPDYE1",1.00820837536479,4.52396340930578,3.33942134819479,0.00111802988963512,0.0042175460683904,-1.84342969696978
"PRKAR1B-AS1",1.08629005002938,5.84809341927273,3.33459531471092,0.00113592542392446,0.00427674319956045,-1.85820233076088
"SLC25A18",1.31023608801126,7.1340888272562,3.32532358521064,0.00117106082098731,0.00439168531812947,-1.88653360659087
"FBXO5",1.20662822263514,6.11600681639256,3.32529137507646,0.00117118463529606,0.00439168531812947,-1.88663191569915
"NFKBIZ",1.48129587357236,5.6719011541281,3.32008888159568,0.00119134431221953,0.00445476410216215,-1.90250015095669
"TMEM252-DT",1.30310017722736,4.17103176721488,3.31739877068435,0.00120189537085698,0.00448871557269163,-1.9106972150115
"ZNF511",1.31322671541682,5.11061551428099,3.31252372839017,0.00122123912495377,0.00455268730267133,-1.92553792574304
"CRYBB3",2.05566973581786,4.20000243190909,3.29900930397923,0.00127639619489078,0.00473137315429485,-1.96658384663013
"C20orf141",1.48581048517868,7.20833746742975,3.27858318437629,0.00136419702090992,0.00502196645087596,-2.02835639435611
"BCDIN3D",1.2121102763433,4.6789393818843,3.26280326138663,0.00143585396498672,0.00525045572299511,-2.07585853338567
"OPRD1",1.47157913553871,5.21205052513636,3.25602759161908,0.0014676876973082,0.00535219787841815,-2.0961964352582
"GPA33",1.22611285988346,4.03317675771074,3.24099895348368,0.0015406604281354,0.00558967098926802,-2.14118012297019
"SLC45A1",1.03915894198695,6.6373508028595,3.23664949555852,0.00156240251482118,0.00565989918643026,-2.15416635825917
"SH2D2A",1.5212614166029,5.58532016242149,3.22916915220882,0.00160046558088447,0.00577720461118795,-2.17646629402746
"ACAT2",2.7010644468365,6.38882861347934,3.18725493037423,0.00183021791663918,0.0065008872022263,-2.30061533559011
"APCDD1L",1.23141245786478,5.28986325754545,3.17464348407909,0.00190513598487645,0.00674248905486188,-2.33770258011461
"SLC37A3",1.42202114729351,5.39966422445455,3.16342759308924,0.00197414956811987,0.0069636544478361,-2.37058147642444
"ADIRF-AS1",1.3600707082805,6.29488143130579,3.14651622450708,0.00208261264026812,0.00729443872936291,-2.4199702837838
"TEX55",1.02432682770754,5.23073596987603,3.12439884078293,0.00223282336121556,0.00775316144370052,-2.48422433805425
"CYP51A1-AS1",1.3101642728037,5.54270158208264,3.03391618667803,0.00295807741626258,0.00992610672914635,-2.74306524179716
"LOC401324",1.38115139919738,3.82779050708264,3.03384169864704,0.00295875527909392,0.00992682152161046,-2.7432756481823
"GUCA2B",2.05569523398581,7.88975252845455,3.02169022469099,0.00307127835053076,0.0102576085667164,-2.77754061230797
"MRPL15",1.55538502115948,4.34837096260331,3.01946445370046,0.0030923123568796,0.0103133422428805,-2.78380410008708
"PCDHB16",1.62805463803164,5.18746337523967,3.01109890090337,0.00317256343145978,0.0105246744642246,-2.80730995955775
"CD247",1.14117323372675,7.73954163768595,2.96825947643724,0.00361448167447902,0.0118403522255713,-2.92680217242299
"SLC17A8",2.1041325246934,5.64952373367769,2.94448173056679,0.00388357497230774,0.0126096614769092,-2.99248798715678
"LRFN5",1.41358605701919,6.13551906827273,2.93641451083406,0.00397897896250454,0.0128685591010578,-3.01466983172631
"TMEM39B",1.31077126845696,8.1362865858843,2.922027909729,0.00415448142855428,0.013379422546641,-3.05409683056497
"HSF2BP",1.66042005788289,4.98233214657851,2.92055345361713,0.00417286442475996,0.0134325474511228,-3.05812815130655
"GOLGA8G",1.21758122242302,7.819364077,2.85462631327067,0.00507531271799198,0.0159692504925179,-3.23657180215892
"BSG",1.2977071636046,5.42057169960331,2.85175448347547,0.00511841177773735,0.0160821826911469,-3.24426425763388
"RPTN",1.55056765698018,4.41700644300826,2.84534616617435,0.00521579479211874,0.0163414462713756,-3.26140514761362
"ANKRD19P",1.12898607880427,5.3289107121405,2.84188107465529,0.00526915472298442,0.0164820271143009,-3.27065950655623
"CALHM1",1.09968904158029,4.02833031623141,2.82642066056316,0.0055133702154765,0.0171305137423979,-3.31183015595594
"GSDMD",2.61820258469341,6.72961960750413,2.82188334263262,0.0055869809845727,0.0173289729739361,-3.32387562226461
"MED11",1.02091114890495,3.82299156206612,2.76748328301794,0.00654217692441935,0.0198308287041839,-3.46697244429878
"CYP27C1",1.29664810457407,3.93459572857851,2.76166922880824,0.00665260553070071,0.0201255689344261,-3.48212126308018
"LOC105369199",1.06227441798636,8.33621738752893,2.75204295983592,0.00683917656356972,0.0206227923630375,-3.50714134093325
"KRTAP4-5",1.08144887364929,4.69512112993388,2.71873516106724,0.00752203944606603,0.0223816570113892,-3.59311857784214
"EGR2",1.43731758366343,5.1197596974876,2.68877738315802,0.00818848275704476,0.0240562731155167,-3.66965779968118
"RSPH1",1.01687325030425,7.67201375476859,2.68790121039271,0.0082087556025298,0.0241058822733806,-3.67188503428647
"ROR2",1.73489482302598,6.30274127502479,2.68576840932855,0.00825829447250905,0.0242346954047589,-3.6773039342779
"LOC101927603",1.00528059810404,4.57244077471074,2.66168727520997,0.00883672148285225,0.0257129284184148,-3.7382231262861
"GLMN",1.01212194235574,4.13108115677686,2.60781811756485,0.0102654024460743,0.0292524245043925,-3.87273095514597
"H1-4",1.00275627881671,4.30960267279339,2.55990478117054,0.0117075797219839,0.032720241455695,-3.9903034897092
"IGHV3-47",1.75519233057066,5.67663842680992,2.49342423309019,0.0140097946402447,0.0380199726194466,-4.15019556544584
"GDF10",1.18053408248978,6.15040895166942,2.44067863703659,0.0161157380827748,0.042813758868671,-4.27435440162226
"SNORA37",1.51063041090778,4.8664277087438,2.42552681023308,0.016770674669285,0.0443029674457442,-4.30957654361098
"STATH",1.06263703055711,3.31554078035537,2.41317161301142,0.0173221276907064,0.0455671392997088,-4.33815044427032
